[
  {
    "id": 6138,
    "level": 0,
    "lft": 1,
    "name": "Иностранное лобби",
    "office": null,
    "parent": null,
    "region": null,
    "rght": 2,
    "tree_id": 1
  },
  {
    "id": 6183,
    "level": 0,
    "lft": 1,
    "name": "Не выявлено",
    "office": null,
    "parent": null,
    "region": null,
    "rght": 2,
    "tree_id": 2
  },
  {
    "id": 6127,
    "level": 0,
    "lft": 1,
    "name": "Общественно-политическое лобби",
    "office": null,
    "parent": null,
    "region": null,
    "rght": 22,
    "tree_id": 3
  },
  {
    "id": 6132,
    "level": 1,
    "lft": 2,
    "name": "гражданские инициативы",
    "office": null,
    "parent": 6127,
    "region": null,
    "rght": 9,
    "tree_id": 3
  },
  {
    "id": 6134,
    "level": 2,
    "lft": 3,
    "name": "автомобилисты",
    "office": null,
    "parent": 6132,
    "region": null,
    "rght": 4,
    "tree_id": 3
  },
  {
    "id": 6135,
    "level": 2,
    "lft": 5,
    "name": "НКО",
    "office": null,
    "parent": 6132,
    "region": null,
    "rght": 6,
    "tree_id": 3
  },
  {
    "id": 6133,
    "level": 2,
    "lft": 7,
    "name": "ОНФ",
    "office": null,
    "parent": 6132,
    "region": null,
    "rght": 8,
    "tree_id": 3
  },
  {
    "id": 6128,
    "level": 1,
    "lft": 10,
    "name": "конфессиональное лобби",
    "office": null,
    "parent": 6127,
    "region": null,
    "rght": 17,
    "tree_id": 3
  },
  {
    "id": 6131,
    "level": 2,
    "lft": 11,
    "name": "Буддизм",
    "office": null,
    "parent": 6128,
    "region": null,
    "rght": 12,
    "tree_id": 3
  },
  {
    "id": 6130,
    "level": 2,
    "lft": 13,
    "name": "Ислам",
    "office": null,
    "parent": 6128,
    "region": null,
    "rght": 14,
    "tree_id": 3
  },
  {
    "id": 6129,
    "level": 2,
    "lft": 15,
    "name": "РПЦ",
    "office": null,
    "parent": 6128,
    "region": null,
    "rght": 16,
    "tree_id": 3
  },
  {
    "id": 6137,
    "level": 1,
    "lft": 18,
    "name": "профсоюзное лобби",
    "office": null,
    "parent": 6127,
    "region": null,
    "rght": 19,
    "tree_id": 3
  },
  {
    "id": 6136,
    "level": 1,
    "lft": 20,
    "name": "экологическое лобби",
    "office": null,
    "parent": 6127,
    "region": null,
    "rght": 21,
    "tree_id": 3
  },
  {
    "id": 6079,
    "level": 0,
    "lft": 1,
    "name": "отраслевое лобби",
    "office": null,
    "parent": null,
    "region": null,
    "rght": 96,
    "tree_id": 4
  },
  {
    "id": 6081,
    "level": 1,
    "lft": 2,
    "name": "атомная промышленность",
    "office": null,
    "parent": 6079,
    "region": null,
    "rght": 3,
    "tree_id": 4
  },
  {
    "id": 6105,
    "level": 1,
    "lft": 4,
    "name": "геология и разведка недр",
    "office": null,
    "parent": 6079,
    "region": null,
    "rght": 5,
    "tree_id": 4
  },
  {
    "id": 6120,
    "level": 1,
    "lft": 6,
    "name": "государственное управление",
    "office": null,
    "parent": 6079,
    "region": null,
    "rght": 19,
    "tree_id": 4
  },
  {
    "id": 6124,
    "level": 2,
    "lft": 7,
    "name": "адвокаты",
    "office": null,
    "parent": 6120,
    "region": null,
    "rght": 8,
    "tree_id": 4
  },
  {
    "id": 6121,
    "level": 2,
    "lft": 9,
    "name": "госзакупки",
    "office": null,
    "parent": 6120,
    "region": null,
    "rght": 10,
    "tree_id": 4
  },
  {
    "id": 6122,
    "level": 2,
    "lft": 11,
    "name": "муниципальное управление",
    "office": null,
    "parent": 6120,
    "region": null,
    "rght": 12,
    "tree_id": 4
  },
  {
    "id": 6125,
    "level": 2,
    "lft": 13,
    "name": "нотариусы",
    "office": null,
    "parent": 6120,
    "region": null,
    "rght": 14,
    "tree_id": 4
  },
  {
    "id": 6126,
    "level": 2,
    "lft": 15,
    "name": "оценщики",
    "office": null,
    "parent": 6120,
    "region": null,
    "rght": 16,
    "tree_id": 4
  },
  {
    "id": 6123,
    "level": 2,
    "lft": 17,
    "name": "суды",
    "office": null,
    "parent": 6120,
    "region": null,
    "rght": 18,
    "tree_id": 4
  },
  {
    "id": 6088,
    "level": 1,
    "lft": 20,
    "name": "деревообрабатывающая и целлюлозно-бумажная промышленность",
    "office": null,
    "parent": 6079,
    "region": null,
    "rght": 21,
    "tree_id": 4
  },
  {
    "id": 6106,
    "level": 1,
    "lft": 22,
    "name": "жилищно-коммунальное хозяйство",
    "office": null,
    "parent": 6079,
    "region": null,
    "rght": 23,
    "tree_id": 4
  },
  {
    "id": 6109,
    "level": 1,
    "lft": 24,
    "name": "здравоохранение, спорт, туризм",
    "office": null,
    "parent": 6079,
    "region": null,
    "rght": 31,
    "tree_id": 4
  },
  {
    "id": 6110,
    "level": 2,
    "lft": 25,
    "name": "здравоохранение",
    "office": null,
    "parent": 6109,
    "region": null,
    "rght": 26,
    "tree_id": 4
  },
  {
    "id": 6111,
    "level": 2,
    "lft": 27,
    "name": "спорт",
    "office": null,
    "parent": 6109,
    "region": null,
    "rght": 28,
    "tree_id": 4
  },
  {
    "id": 6112,
    "level": 2,
    "lft": 29,
    "name": "туризм",
    "office": null,
    "parent": 6109,
    "region": null,
    "rght": 30,
    "tree_id": 4
  },
  {
    "id": 6104,
    "level": 1,
    "lft": 32,
    "name": "инвестиционная деятельность",
    "office": null,
    "parent": 6079,
    "region": null,
    "rght": 33,
    "tree_id": 4
  },
  {
    "id": 6082,
    "level": 1,
    "lft": 34,
    "name": "космическая отрасль",
    "office": null,
    "parent": 6079,
    "region": null,
    "rght": 35,
    "tree_id": 4
  },
  {
    "id": 6114,
    "level": 1,
    "lft": 36,
    "name": "культура, искусство, индустрия развлечений",
    "office": null,
    "parent": 6079,
    "region": null,
    "rght": 39,
    "tree_id": 4
  },
  {
    "id": 6115,
    "level": 2,
    "lft": 37,
    "name": "букмекеры",
    "office": null,
    "parent": 6114,
    "region": null,
    "rght": 38,
    "tree_id": 4
  },
  {
    "id": 6091,
    "level": 1,
    "lft": 40,
    "name": "легкая промышленность",
    "office": null,
    "parent": 6079,
    "region": null,
    "rght": 41,
    "tree_id": 4
  },
  {
    "id": 6097,
    "level": 1,
    "lft": 42,
    "name": "лесное, рыбное хозяйство",
    "office": null,
    "parent": 6079,
    "region": null,
    "rght": 43,
    "tree_id": 4
  },
  {
    "id": 6087,
    "level": 1,
    "lft": 44,
    "name": "машиностроение, автомобилестроение",
    "office": null,
    "parent": 6079,
    "region": null,
    "rght": 45,
    "tree_id": 4
  },
  {
    "id": 6095,
    "level": 1,
    "lft": 46,
    "name": "медицина и фармацевтика",
    "office": null,
    "parent": 6079,
    "region": null,
    "rght": 47,
    "tree_id": 4
  },
  {
    "id": 6113,
    "level": 1,
    "lft": 48,
    "name": "образование, наука и научное обслуживание",
    "office": null,
    "parent": 6079,
    "region": null,
    "rght": 49,
    "tree_id": 4
  },
  {
    "id": 6092,
    "level": 1,
    "lft": 50,
    "name": "пищевая промышленность",
    "office": null,
    "parent": 6079,
    "region": null,
    "rght": 55,
    "tree_id": 4
  },
  {
    "id": 6093,
    "level": 2,
    "lft": 51,
    "name": "алкогольное лобби",
    "office": null,
    "parent": 6092,
    "region": null,
    "rght": 52,
    "tree_id": 4
  },
  {
    "id": 6094,
    "level": 2,
    "lft": 53,
    "name": "табачное лобби",
    "office": null,
    "parent": 6092,
    "region": null,
    "rght": 54,
    "tree_id": 4
  },
  {
    "id": 6089,
    "level": 1,
    "lft": 56,
    "name": "промышленность строительных материалов",
    "office": null,
    "parent": 6079,
    "region": null,
    "rght": 57,
    "tree_id": 4
  },
  {
    "id": 6102,
    "level": 1,
    "lft": 58,
    "name": "ритейл",
    "office": null,
    "parent": 6079,
    "region": null,
    "rght": 59,
    "tree_id": 4
  },
  {
    "id": 6096,
    "level": 1,
    "lft": 60,
    "name": "сельское хозяйство",
    "office": null,
    "parent": 6079,
    "region": null,
    "rght": 61,
    "tree_id": 4
  },
  {
    "id": 6090,
    "level": 1,
    "lft": 62,
    "name": "стекольная и фарфоро-фаянсовая промышленность",
    "office": null,
    "parent": 6079,
    "region": null,
    "rght": 63,
    "tree_id": 4
  },
  {
    "id": 6101,
    "level": 1,
    "lft": 64,
    "name": "строительство, девелопмент",
    "office": null,
    "parent": 6079,
    "region": null,
    "rght": 65,
    "tree_id": 4
  },
  {
    "id": 6107,
    "level": 1,
    "lft": 66,
    "name": "сфера услуг",
    "office": null,
    "parent": 6079,
    "region": null,
    "rght": 69,
    "tree_id": 4
  },
  {
    "id": 6108,
    "level": 2,
    "lft": 67,
    "name": "реклама",
    "office": null,
    "parent": 6107,
    "region": null,
    "rght": 68,
    "tree_id": 4
  },
  {
    "id": 6103,
    "level": 1,
    "lft": 70,
    "name": "телекоммуникации, IT",
    "office": null,
    "parent": 6079,
    "region": null,
    "rght": 71,
    "tree_id": 4
  },
  {
    "id": 6083,
    "level": 1,
    "lft": 72,
    "name": "топливная промышленность",
    "office": null,
    "parent": 6079,
    "region": null,
    "rght": 73,
    "tree_id": 4
  },
  {
    "id": 6098,
    "level": 1,
    "lft": 74,
    "name": "транспорт и связь",
    "office": null,
    "parent": 6079,
    "region": null,
    "rght": 79,
    "tree_id": 4
  },
  {
    "id": 6100,
    "level": 2,
    "lft": 75,
    "name": "СМИ",
    "office": null,
    "parent": 6098,
    "region": null,
    "rght": 76,
    "tree_id": 4
  },
  {
    "id": 6099,
    "level": 2,
    "lft": 77,
    "name": "транспорт",
    "office": null,
    "parent": 6098,
    "region": null,
    "rght": 78,
    "tree_id": 4
  },
  {
    "id": 6116,
    "level": 1,
    "lft": 80,
    "name": "финансы, банки, страхование, пенсионное обслуживание",
    "office": null,
    "parent": 6079,
    "region": null,
    "rght": 87,
    "tree_id": 4
  },
  {
    "id": 6119,
    "level": 2,
    "lft": 81,
    "name": "пенсионное обслуживание",
    "office": null,
    "parent": 6116,
    "region": null,
    "rght": 82,
    "tree_id": 4
  },
  {
    "id": 6118,
    "level": 2,
    "lft": 83,
    "name": "страхование",
    "office": null,
    "parent": 6116,
    "region": null,
    "rght": 84,
    "tree_id": 4
  },
  {
    "id": 6117,
    "level": 2,
    "lft": 85,
    "name": "финансы, банки",
    "office": null,
    "parent": 6116,
    "region": null,
    "rght": 86,
    "tree_id": 4
  },
  {
    "id": 6086,
    "level": 1,
    "lft": 88,
    "name": "химическая и нефтехимическая промышленность",
    "office": null,
    "parent": 6079,
    "region": null,
    "rght": 89,
    "tree_id": 4
  },
  {
    "id": 6084,
    "level": 1,
    "lft": 90,
    "name": "черная, цветная металлургия, металлообработка",
    "office": null,
    "parent": 6079,
    "region": null,
    "rght": 93,
    "tree_id": 4
  },
  {
    "id": 6085,
    "level": 2,
    "lft": 91,
    "name": "оружейное лобби",
    "office": null,
    "parent": 6084,
    "region": null,
    "rght": 92,
    "tree_id": 4
  },
  {
    "id": 6080,
    "level": 1,
    "lft": 94,
    "name": "электроэнергетика",
    "office": null,
    "parent": 6079,
    "region": null,
    "rght": 95,
    "tree_id": 4
  },
  {
    "id": 5993,
    "level": 0,
    "lft": 1,
    "name": "Региональное лобби",
    "office": null,
    "parent": null,
    "region": null,
    "rght": 172,
    "tree_id": 5
  },
  {
    "id": 5994,
    "level": 1,
    "lft": 2,
    "name": "Алтайский край",
    "office": null,
    "parent": 5993,
    "region": null,
    "rght": 3,
    "tree_id": 5
  },
  {
    "id": 5995,
    "level": 1,
    "lft": 4,
    "name": "Амурская область",
    "office": null,
    "parent": 5993,
    "region": null,
    "rght": 5,
    "tree_id": 5
  },
  {
    "id": 5996,
    "level": 1,
    "lft": 6,
    "name": "Архангельская область",
    "office": null,
    "parent": 5993,
    "region": null,
    "rght": 7,
    "tree_id": 5
  },
  {
    "id": 5997,
    "level": 1,
    "lft": 8,
    "name": "Астраханская область",
    "office": null,
    "parent": 5993,
    "region": null,
    "rght": 9,
    "tree_id": 5
  },
  {
    "id": 5998,
    "level": 1,
    "lft": 10,
    "name": "Белгородская область",
    "office": null,
    "parent": 5993,
    "region": null,
    "rght": 11,
    "tree_id": 5
  },
  {
    "id": 5999,
    "level": 1,
    "lft": 12,
    "name": "Брянская область",
    "office": null,
    "parent": 5993,
    "region": null,
    "rght": 13,
    "tree_id": 5
  },
  {
    "id": 6000,
    "level": 1,
    "lft": 14,
    "name": "Владимирская область",
    "office": null,
    "parent": 5993,
    "region": null,
    "rght": 15,
    "tree_id": 5
  },
  {
    "id": 6001,
    "level": 1,
    "lft": 16,
    "name": "Волгоградская область",
    "office": null,
    "parent": 5993,
    "region": null,
    "rght": 17,
    "tree_id": 5
  },
  {
    "id": 6002,
    "level": 1,
    "lft": 18,
    "name": "Вологодская область",
    "office": null,
    "parent": 5993,
    "region": null,
    "rght": 19,
    "tree_id": 5
  },
  {
    "id": 6003,
    "level": 1,
    "lft": 20,
    "name": "Воронежская область",
    "office": null,
    "parent": 5993,
    "region": null,
    "rght": 21,
    "tree_id": 5
  },
  {
    "id": 6005,
    "level": 1,
    "lft": 22,
    "name": "Еврейская автономная область",
    "office": null,
    "parent": 5993,
    "region": null,
    "rght": 23,
    "tree_id": 5
  },
  {
    "id": 6006,
    "level": 1,
    "lft": 24,
    "name": "Забайкальский край",
    "office": null,
    "parent": 5993,
    "region": null,
    "rght": 25,
    "tree_id": 5
  },
  {
    "id": 6007,
    "level": 1,
    "lft": 26,
    "name": "Ивановская область",
    "office": null,
    "parent": 5993,
    "region": null,
    "rght": 27,
    "tree_id": 5
  },
  {
    "id": 6008,
    "level": 1,
    "lft": 28,
    "name": "Иркутская область",
    "office": null,
    "parent": 5993,
    "region": null,
    "rght": 29,
    "tree_id": 5
  },
  {
    "id": 6009,
    "level": 1,
    "lft": 30,
    "name": "Кабардино-Балкарская Республика",
    "office": null,
    "parent": 5993,
    "region": null,
    "rght": 31,
    "tree_id": 5
  },
  {
    "id": 6010,
    "level": 1,
    "lft": 32,
    "name": "Калининградская область",
    "office": null,
    "parent": 5993,
    "region": null,
    "rght": 33,
    "tree_id": 5
  },
  {
    "id": 6011,
    "level": 1,
    "lft": 34,
    "name": "Калужская область",
    "office": null,
    "parent": 5993,
    "region": null,
    "rght": 35,
    "tree_id": 5
  },
  {
    "id": 6012,
    "level": 1,
    "lft": 36,
    "name": "Камчатский край",
    "office": null,
    "parent": 5993,
    "region": null,
    "rght": 37,
    "tree_id": 5
  },
  {
    "id": 6013,
    "level": 1,
    "lft": 38,
    "name": "Карачаево-Черкесская Республика",
    "office": null,
    "parent": 5993,
    "region": null,
    "rght": 39,
    "tree_id": 5
  },
  {
    "id": 6014,
    "level": 1,
    "lft": 40,
    "name": "Кемеровская область",
    "office": null,
    "parent": 5993,
    "region": null,
    "rght": 41,
    "tree_id": 5
  },
  {
    "id": 6015,
    "level": 1,
    "lft": 42,
    "name": "Кировская область",
    "office": null,
    "parent": 5993,
    "region": null,
    "rght": 43,
    "tree_id": 5
  },
  {
    "id": 6016,
    "level": 1,
    "lft": 44,
    "name": "Костромская область",
    "office": null,
    "parent": 5993,
    "region": null,
    "rght": 45,
    "tree_id": 5
  },
  {
    "id": 6017,
    "level": 1,
    "lft": 46,
    "name": "Краснодарский край",
    "office": null,
    "parent": 5993,
    "region": null,
    "rght": 47,
    "tree_id": 5
  },
  {
    "id": 6018,
    "level": 1,
    "lft": 48,
    "name": "Красноярский край",
    "office": null,
    "parent": 5993,
    "region": null,
    "rght": 49,
    "tree_id": 5
  },
  {
    "id": 6019,
    "level": 1,
    "lft": 50,
    "name": "Курганская область",
    "office": null,
    "parent": 5993,
    "region": null,
    "rght": 51,
    "tree_id": 5
  },
  {
    "id": 6020,
    "level": 1,
    "lft": 52,
    "name": "Курская область",
    "office": null,
    "parent": 5993,
    "region": null,
    "rght": 53,
    "tree_id": 5
  },
  {
    "id": 6021,
    "level": 1,
    "lft": 54,
    "name": "Ленинградская область",
    "office": null,
    "parent": 5993,
    "region": null,
    "rght": 55,
    "tree_id": 5
  },
  {
    "id": 6022,
    "level": 1,
    "lft": 56,
    "name": "Липецкая область",
    "office": null,
    "parent": 5993,
    "region": null,
    "rght": 57,
    "tree_id": 5
  },
  {
    "id": 6023,
    "level": 1,
    "lft": 58,
    "name": "Магаданская область",
    "office": null,
    "parent": 5993,
    "region": null,
    "rght": 59,
    "tree_id": 5
  },
  {
    "id": 6004,
    "level": 1,
    "lft": 60,
    "name": "Москва",
    "office": null,
    "parent": 5993,
    "region": null,
    "rght": 61,
    "tree_id": 5
  },
  {
    "id": 6024,
    "level": 1,
    "lft": 62,
    "name": "Московская область",
    "office": null,
    "parent": 5993,
    "region": null,
    "rght": 63,
    "tree_id": 5
  },
  {
    "id": 6025,
    "level": 1,
    "lft": 64,
    "name": "Мурманская область",
    "office": null,
    "parent": 5993,
    "region": null,
    "rght": 65,
    "tree_id": 5
  },
  {
    "id": 6026,
    "level": 1,
    "lft": 66,
    "name": "Ненецкий автономный округ",
    "office": null,
    "parent": 5993,
    "region": null,
    "rght": 67,
    "tree_id": 5
  },
  {
    "id": 6027,
    "level": 1,
    "lft": 68,
    "name": "Нижегородская область",
    "office": null,
    "parent": 5993,
    "region": null,
    "rght": 69,
    "tree_id": 5
  },
  {
    "id": 6028,
    "level": 1,
    "lft": 70,
    "name": "Новгородская область",
    "office": null,
    "parent": 5993,
    "region": null,
    "rght": 71,
    "tree_id": 5
  },
  {
    "id": 6029,
    "level": 1,
    "lft": 72,
    "name": "Новосибирская область",
    "office": null,
    "parent": 5993,
    "region": null,
    "rght": 73,
    "tree_id": 5
  },
  {
    "id": 6030,
    "level": 1,
    "lft": 74,
    "name": "Омская область",
    "office": null,
    "parent": 5993,
    "region": null,
    "rght": 75,
    "tree_id": 5
  },
  {
    "id": 6031,
    "level": 1,
    "lft": 76,
    "name": "Оренбургская область",
    "office": null,
    "parent": 5993,
    "region": null,
    "rght": 77,
    "tree_id": 5
  },
  {
    "id": 6032,
    "level": 1,
    "lft": 78,
    "name": "Орловская область",
    "office": null,
    "parent": 5993,
    "region": null,
    "rght": 79,
    "tree_id": 5
  },
  {
    "id": 6033,
    "level": 1,
    "lft": 80,
    "name": "Пензенская область",
    "office": null,
    "parent": 5993,
    "region": null,
    "rght": 81,
    "tree_id": 5
  },
  {
    "id": 6034,
    "level": 1,
    "lft": 82,
    "name": "Пермский край",
    "office": null,
    "parent": 5993,
    "region": null,
    "rght": 83,
    "tree_id": 5
  },
  {
    "id": 6035,
    "level": 1,
    "lft": 84,
    "name": "Приморский край",
    "office": null,
    "parent": 5993,
    "region": null,
    "rght": 85,
    "tree_id": 5
  },
  {
    "id": 6036,
    "level": 1,
    "lft": 86,
    "name": "Псковская область",
    "office": null,
    "parent": 5993,
    "region": null,
    "rght": 87,
    "tree_id": 5
  },
  {
    "id": 6037,
    "level": 1,
    "lft": 88,
    "name": "Республика Адыгея (Адыгея)",
    "office": null,
    "parent": 5993,
    "region": null,
    "rght": 89,
    "tree_id": 5
  },
  {
    "id": 6038,
    "level": 1,
    "lft": 90,
    "name": "Республика Алтай",
    "office": null,
    "parent": 5993,
    "region": null,
    "rght": 91,
    "tree_id": 5
  },
  {
    "id": 6039,
    "level": 1,
    "lft": 92,
    "name": "Республика Башкортостан",
    "office": null,
    "parent": 5993,
    "region": null,
    "rght": 93,
    "tree_id": 5
  },
  {
    "id": 6040,
    "level": 1,
    "lft": 94,
    "name": "Республика Бурятия",
    "office": null,
    "parent": 5993,
    "region": null,
    "rght": 95,
    "tree_id": 5
  },
  {
    "id": 6041,
    "level": 1,
    "lft": 96,
    "name": "Республика Дагестан",
    "office": null,
    "parent": 5993,
    "region": null,
    "rght": 97,
    "tree_id": 5
  },
  {
    "id": 6042,
    "level": 1,
    "lft": 98,
    "name": "Республика Ингушетия",
    "office": null,
    "parent": 5993,
    "region": null,
    "rght": 99,
    "tree_id": 5
  },
  {
    "id": 6043,
    "level": 1,
    "lft": 100,
    "name": "Республика Калмыкия",
    "office": null,
    "parent": 5993,
    "region": null,
    "rght": 101,
    "tree_id": 5
  },
  {
    "id": 6044,
    "level": 1,
    "lft": 102,
    "name": "Республика Карелия",
    "office": null,
    "parent": 5993,
    "region": null,
    "rght": 103,
    "tree_id": 5
  },
  {
    "id": 6045,
    "level": 1,
    "lft": 104,
    "name": "Республика Коми",
    "office": null,
    "parent": 5993,
    "region": null,
    "rght": 105,
    "tree_id": 5
  },
  {
    "id": 6046,
    "level": 1,
    "lft": 106,
    "name": "Республика Крым",
    "office": null,
    "parent": 5993,
    "region": null,
    "rght": 107,
    "tree_id": 5
  },
  {
    "id": 6047,
    "level": 1,
    "lft": 108,
    "name": "Республика Марий Эл",
    "office": null,
    "parent": 5993,
    "region": null,
    "rght": 109,
    "tree_id": 5
  },
  {
    "id": 6048,
    "level": 1,
    "lft": 110,
    "name": "Республика Мордовия",
    "office": null,
    "parent": 5993,
    "region": null,
    "rght": 111,
    "tree_id": 5
  },
  {
    "id": 6049,
    "level": 1,
    "lft": 112,
    "name": "Республика Саха (Якутия)",
    "office": null,
    "parent": 5993,
    "region": null,
    "rght": 113,
    "tree_id": 5
  },
  {
    "id": 6050,
    "level": 1,
    "lft": 114,
    "name": "Республика Северная Осетия - Алания",
    "office": null,
    "parent": 5993,
    "region": null,
    "rght": 115,
    "tree_id": 5
  },
  {
    "id": 6051,
    "level": 1,
    "lft": 116,
    "name": "Республика Татарстан (Татарстан)",
    "office": null,
    "parent": 5993,
    "region": null,
    "rght": 117,
    "tree_id": 5
  },
  {
    "id": 6052,
    "level": 1,
    "lft": 118,
    "name": "Республика Тыва",
    "office": null,
    "parent": 5993,
    "region": null,
    "rght": 119,
    "tree_id": 5
  },
  {
    "id": 6053,
    "level": 1,
    "lft": 120,
    "name": "Республика Хакасия",
    "office": null,
    "parent": 5993,
    "region": null,
    "rght": 121,
    "tree_id": 5
  },
  {
    "id": 6054,
    "level": 1,
    "lft": 122,
    "name": "Ростовская область",
    "office": null,
    "parent": 5993,
    "region": null,
    "rght": 123,
    "tree_id": 5
  },
  {
    "id": 6055,
    "level": 1,
    "lft": 124,
    "name": "Рязанская область",
    "office": null,
    "parent": 5993,
    "region": null,
    "rght": 125,
    "tree_id": 5
  },
  {
    "id": 6056,
    "level": 1,
    "lft": 126,
    "name": "Самарская область",
    "office": null,
    "parent": 5993,
    "region": null,
    "rght": 127,
    "tree_id": 5
  },
  {
    "id": 6057,
    "level": 1,
    "lft": 128,
    "name": "Санкт-Петербург",
    "office": null,
    "parent": 5993,
    "region": null,
    "rght": 129,
    "tree_id": 5
  },
  {
    "id": 6058,
    "level": 1,
    "lft": 130,
    "name": "Саратовская область",
    "office": null,
    "parent": 5993,
    "region": null,
    "rght": 131,
    "tree_id": 5
  },
  {
    "id": 6059,
    "level": 1,
    "lft": 132,
    "name": "Сахалинская область",
    "office": null,
    "parent": 5993,
    "region": null,
    "rght": 133,
    "tree_id": 5
  },
  {
    "id": 6060,
    "level": 1,
    "lft": 134,
    "name": "Свердловская область",
    "office": null,
    "parent": 5993,
    "region": null,
    "rght": 135,
    "tree_id": 5
  },
  {
    "id": 6061,
    "level": 1,
    "lft": 136,
    "name": "Севастополь",
    "office": null,
    "parent": 5993,
    "region": null,
    "rght": 137,
    "tree_id": 5
  },
  {
    "id": 6062,
    "level": 1,
    "lft": 138,
    "name": "Смоленская область",
    "office": null,
    "parent": 5993,
    "region": null,
    "rght": 139,
    "tree_id": 5
  },
  {
    "id": 6063,
    "level": 1,
    "lft": 140,
    "name": "Ставропольский край",
    "office": null,
    "parent": 5993,
    "region": null,
    "rght": 141,
    "tree_id": 5
  },
  {
    "id": 6064,
    "level": 1,
    "lft": 142,
    "name": "Тамбовская область",
    "office": null,
    "parent": 5993,
    "region": null,
    "rght": 143,
    "tree_id": 5
  },
  {
    "id": 6065,
    "level": 1,
    "lft": 144,
    "name": "Тверская область",
    "office": null,
    "parent": 5993,
    "region": null,
    "rght": 145,
    "tree_id": 5
  },
  {
    "id": 6066,
    "level": 1,
    "lft": 146,
    "name": "Томская область",
    "office": null,
    "parent": 5993,
    "region": null,
    "rght": 147,
    "tree_id": 5
  },
  {
    "id": 6067,
    "level": 1,
    "lft": 148,
    "name": "Тульская область",
    "office": null,
    "parent": 5993,
    "region": null,
    "rght": 149,
    "tree_id": 5
  },
  {
    "id": 6068,
    "level": 1,
    "lft": 150,
    "name": "Тюменская область",
    "office": null,
    "parent": 5993,
    "region": null,
    "rght": 151,
    "tree_id": 5
  },
  {
    "id": 6069,
    "level": 1,
    "lft": 152,
    "name": "Удмуртская Республика",
    "office": null,
    "parent": 5993,
    "region": null,
    "rght": 153,
    "tree_id": 5
  },
  {
    "id": 6070,
    "level": 1,
    "lft": 154,
    "name": "Ульяновская область",
    "office": null,
    "parent": 5993,
    "region": null,
    "rght": 155,
    "tree_id": 5
  },
  {
    "id": 6071,
    "level": 1,
    "lft": 156,
    "name": "Хабаровский край",
    "office": null,
    "parent": 5993,
    "region": null,
    "rght": 157,
    "tree_id": 5
  },
  {
    "id": 6072,
    "level": 1,
    "lft": 158,
    "name": "Ханты-Мансийский автономный округ - Югра",
    "office": null,
    "parent": 5993,
    "region": null,
    "rght": 159,
    "tree_id": 5
  },
  {
    "id": 6073,
    "level": 1,
    "lft": 160,
    "name": "Челябинская область",
    "office": null,
    "parent": 5993,
    "region": null,
    "rght": 161,
    "tree_id": 5
  },
  {
    "id": 6074,
    "level": 1,
    "lft": 162,
    "name": "Чеченская Республика",
    "office": null,
    "parent": 5993,
    "region": null,
    "rght": 163,
    "tree_id": 5
  },
  {
    "id": 6075,
    "level": 1,
    "lft": 164,
    "name": "Чувашская Республика - Чувашия",
    "office": null,
    "parent": 5993,
    "region": null,
    "rght": 165,
    "tree_id": 5
  },
  {
    "id": 6076,
    "level": 1,
    "lft": 166,
    "name": "Чукотский автономный округ",
    "office": null,
    "parent": 5993,
    "region": null,
    "rght": 167,
    "tree_id": 5
  },
  {
    "id": 6077,
    "level": 1,
    "lft": 168,
    "name": "Ямало-Ненецкий автономный округ",
    "office": null,
    "parent": 5993,
    "region": null,
    "rght": 169,
    "tree_id": 5
  },
  {
    "id": 6078,
    "level": 1,
    "lft": 170,
    "name": "Ярославская область",
    "office": null,
    "parent": 5993,
    "region": null,
    "rght": 171,
    "tree_id": 5
  },
  {
    "id": 5951,
    "level": 0,
    "lft": 1,
    "name": "Федеральное лобби",
    "office": null,
    "parent": null,
    "region": null,
    "rght": 84,
    "tree_id": 6
  },
  {
    "id": 5963,
    "level": 1,
    "lft": 2,
    "name": "ведомственное лобби",
    "office": null,
    "parent": 5951,
    "region": null,
    "rght": 61,
    "tree_id": 6
  },
  {
    "id": 5990,
    "level": 2,
    "lft": 3,
    "name": "Банк России",
    "office": null,
    "parent": 5963,
    "region": null,
    "rght": 4,
    "tree_id": 6
  },
  {
    "id": 5985,
    "level": 2,
    "lft": 5,
    "name": "ГУСП",
    "office": null,
    "parent": 5963,
    "region": null,
    "rght": 6,
    "tree_id": 6
  },
  {
    "id": 5964,
    "level": 2,
    "lft": 7,
    "name": "МИД России",
    "office": null,
    "parent": 5963,
    "region": null,
    "rght": 8,
    "tree_id": 6
  },
  {
    "id": 5971,
    "level": 2,
    "lft": 9,
    "name": "Минвостокрозвития России",
    "office": null,
    "parent": 5963,
    "region": null,
    "rght": 10,
    "tree_id": 6
  },
  {
    "id": 5966,
    "level": 2,
    "lft": 11,
    "name": "Минздрав России",
    "office": null,
    "parent": 5963,
    "region": null,
    "rght": 12,
    "tree_id": 6
  },
  {
    "id": 5973,
    "level": 2,
    "lft": 13,
    "name": "Минкавказ России",
    "office": null,
    "parent": 5963,
    "region": null,
    "rght": 14,
    "tree_id": 6
  },
  {
    "id": 5972,
    "level": 2,
    "lft": 15,
    "name": "Минкомсвязь России",
    "office": null,
    "parent": 5963,
    "region": null,
    "rght": 16,
    "tree_id": 6
  },
  {
    "id": 5967,
    "level": 2,
    "lft": 17,
    "name": "Минкультуры России",
    "office": null,
    "parent": 5963,
    "region": null,
    "rght": 18,
    "tree_id": 6
  },
  {
    "id": 5968,
    "level": 2,
    "lft": 19,
    "name": "Минобрнауки России",
    "office": null,
    "parent": 5963,
    "region": null,
    "rght": 20,
    "tree_id": 6
  },
  {
    "id": 5969,
    "level": 2,
    "lft": 21,
    "name": "Минприроды России",
    "office": null,
    "parent": 5963,
    "region": null,
    "rght": 22,
    "tree_id": 6
  },
  {
    "id": 5970,
    "level": 2,
    "lft": 23,
    "name": "Минпромторг России",
    "office": null,
    "parent": 5963,
    "region": null,
    "rght": 24,
    "tree_id": 6
  },
  {
    "id": 5975,
    "level": 2,
    "lft": 25,
    "name": "Минсельхоз России",
    "office": null,
    "parent": 5963,
    "region": null,
    "rght": 26,
    "tree_id": 6
  },
  {
    "id": 5976,
    "level": 2,
    "lft": 27,
    "name": "Минспорт России",
    "office": null,
    "parent": 5963,
    "region": null,
    "rght": 28,
    "tree_id": 6
  },
  {
    "id": 5977,
    "level": 2,
    "lft": 29,
    "name": "Минстрой России",
    "office": null,
    "parent": 5963,
    "region": null,
    "rght": 30,
    "tree_id": 6
  },
  {
    "id": 5978,
    "level": 2,
    "lft": 31,
    "name": "Минтранс России",
    "office": null,
    "parent": 5963,
    "region": null,
    "rght": 32,
    "tree_id": 6
  },
  {
    "id": 5979,
    "level": 2,
    "lft": 33,
    "name": "Минтруда России",
    "office": null,
    "parent": 5963,
    "region": null,
    "rght": 34,
    "tree_id": 6
  },
  {
    "id": 5980,
    "level": 2,
    "lft": 35,
    "name": "Минфин России",
    "office": null,
    "parent": 5963,
    "region": null,
    "rght": 36,
    "tree_id": 6
  },
  {
    "id": 5981,
    "level": 2,
    "lft": 37,
    "name": "Минэкономразвития России",
    "office": null,
    "parent": 5963,
    "region": null,
    "rght": 38,
    "tree_id": 6
  },
  {
    "id": 5982,
    "level": 2,
    "lft": 39,
    "name": "Минэнерго России",
    "office": null,
    "parent": 5963,
    "region": null,
    "rght": 40,
    "tree_id": 6
  },
  {
    "id": 5965,
    "level": 2,
    "lft": 41,
    "name": "Минюст России",
    "office": null,
    "parent": 5963,
    "region": null,
    "rght": 42,
    "tree_id": 6
  },
  {
    "id": 5984,
    "level": 2,
    "lft": 43,
    "name": "Росархив",
    "office": null,
    "parent": 5963,
    "region": null,
    "rght": 44,
    "tree_id": 6
  },
  {
    "id": 5974,
    "level": 2,
    "lft": 45,
    "name": "Роскомнадзор",
    "office": null,
    "parent": 5963,
    "region": null,
    "rght": 46,
    "tree_id": 6
  },
  {
    "id": 5987,
    "level": 2,
    "lft": 47,
    "name": "Роспотребнадзор",
    "office": null,
    "parent": 5963,
    "region": null,
    "rght": 48,
    "tree_id": 6
  },
  {
    "id": 5989,
    "level": 2,
    "lft": 49,
    "name": "Росрезерв",
    "office": null,
    "parent": 5963,
    "region": null,
    "rght": 50,
    "tree_id": 6
  },
  {
    "id": 5988,
    "level": 2,
    "lft": 51,
    "name": "Ростехнадзор",
    "office": null,
    "parent": 5963,
    "region": null,
    "rght": 52,
    "tree_id": 6
  },
  {
    "id": 5983,
    "level": 2,
    "lft": 53,
    "name": "Росфинмониторинг",
    "office": null,
    "parent": 5963,
    "region": null,
    "rght": 54,
    "tree_id": 6
  },
  {
    "id": 5992,
    "level": 2,
    "lft": 55,
    "name": "Счетная палата",
    "office": null,
    "parent": 5963,
    "region": null,
    "rght": 56,
    "tree_id": 6
  },
  {
    "id": 5986,
    "level": 2,
    "lft": 57,
    "name": "ФАС России",
    "office": null,
    "parent": 5963,
    "region": null,
    "rght": 58,
    "tree_id": 6
  },
  {
    "id": 5991,
    "level": 2,
    "lft": 59,
    "name": "ФССП России",
    "office": null,
    "parent": 5963,
    "region": null,
    "rght": 60,
    "tree_id": 6
  },
  {
    "id": 5952,
    "level": 1,
    "lft": 62,
    "name": "силовое лобби",
    "office": null,
    "parent": 5951,
    "region": null,
    "rght": 83,
    "tree_id": 6
  },
  {
    "id": 5957,
    "level": 2,
    "lft": 63,
    "name": "МВД",
    "office": null,
    "parent": 5952,
    "region": null,
    "rght": 64,
    "tree_id": 6
  },
  {
    "id": 5962,
    "level": 2,
    "lft": 65,
    "name": "Минобороны",
    "office": null,
    "parent": 5952,
    "region": null,
    "rght": 66,
    "tree_id": 6
  },
  {
    "id": 5960,
    "level": 2,
    "lft": 67,
    "name": "МЧС России",
    "office": null,
    "parent": 5952,
    "region": null,
    "rght": 68,
    "tree_id": 6
  },
  {
    "id": 5959,
    "level": 2,
    "lft": 69,
    "name": "Прокуратура",
    "office": null,
    "parent": 5952,
    "region": null,
    "rght": 70,
    "tree_id": 6
  },
  {
    "id": 5955,
    "level": 2,
    "lft": 71,
    "name": "Росгвардия",
    "office": null,
    "parent": 5952,
    "region": null,
    "rght": 72,
    "tree_id": 6
  },
  {
    "id": 5956,
    "level": 2,
    "lft": 73,
    "name": "СВР",
    "office": null,
    "parent": 5952,
    "region": null,
    "rght": 74,
    "tree_id": 6
  },
  {
    "id": 5958,
    "level": 2,
    "lft": 75,
    "name": "СК",
    "office": null,
    "parent": 5952,
    "region": null,
    "rght": 76,
    "tree_id": 6
  },
  {
    "id": 5953,
    "level": 2,
    "lft": 77,
    "name": "ФСБ",
    "office": null,
    "parent": 5952,
    "region": null,
    "rght": 78,
    "tree_id": 6
  },
  {
    "id": 5961,
    "level": 2,
    "lft": 79,
    "name": "ФСИН",
    "office": null,
    "parent": 5952,
    "region": null,
    "rght": 80,
    "tree_id": 6
  },
  {
    "id": 5954,
    "level": 2,
    "lft": 81,
    "name": "ФСО",
    "office": null,
    "parent": 5952,
    "region": null,
    "rght": 82,
    "tree_id": 6
  },
  {
    "id": 6139,
    "level": 0,
    "lft": 1,
    "name": "Финансово-промышленные группы",
    "office": null,
    "parent": null,
    "region": null,
    "rght": 88,
    "tree_id": 7
  },
  {
    "id": 6148,
    "level": 1,
    "lft": 2,
    "name": "Fort Group",
    "office": null,
    "parent": 6139,
    "region": null,
    "rght": 3,
    "tree_id": 7
  },
  {
    "id": 6174,
    "level": 1,
    "lft": 4,
    "name": "SVP Group",
    "office": null,
    "parent": 6139,
    "region": null,
    "rght": 5,
    "tree_id": 7
  },
  {
    "id": 6151,
    "level": 1,
    "lft": 6,
    "name": "АБИ Групп",
    "office": null,
    "parent": 6139,
    "region": null,
    "rght": 7,
    "tree_id": 7
  },
  {
    "id": 6144,
    "level": 1,
    "lft": 8,
    "name": "Альфа-групп",
    "office": null,
    "parent": 6139,
    "region": null,
    "rght": 9,
    "tree_id": 7
  },
  {
    "id": 6165,
    "level": 1,
    "lft": 10,
    "name": "АО «НПК «Уралвагонзавод»",
    "office": null,
    "parent": 6139,
    "region": null,
    "rght": 11,
    "tree_id": 7
  },
  {
    "id": 6166,
    "level": 1,
    "lft": 12,
    "name": "АО ЧЭМК",
    "office": null,
    "parent": 6139,
    "region": null,
    "rght": 13,
    "tree_id": 7
  },
  {
    "id": 6145,
    "level": 1,
    "lft": 14,
    "name": "Базовый элемент",
    "office": null,
    "parent": 6139,
    "region": null,
    "rght": 15,
    "tree_id": 7
  },
  {
    "id": 6141,
    "level": 1,
    "lft": 16,
    "name": "Газпром",
    "office": null,
    "parent": 6139,
    "region": null,
    "rght": 17,
    "tree_id": 7
  },
  {
    "id": 6181,
    "level": 1,
    "lft": 18,
    "name": "Газпром бурение - братья Ротенберги",
    "office": null,
    "parent": 6139,
    "region": null,
    "rght": 19,
    "tree_id": 7
  },
  {
    "id": 6152,
    "level": 1,
    "lft": 20,
    "name": "ГК Алвисагрупп",
    "office": null,
    "parent": 6139,
    "region": null,
    "rght": 21,
    "tree_id": 7
  },
  {
    "id": 6159,
    "level": 1,
    "lft": 22,
    "name": "ГК АСПЭК",
    "office": null,
    "parent": 6139,
    "region": null,
    "rght": 23,
    "tree_id": 7
  },
  {
    "id": 6157,
    "level": 1,
    "lft": 24,
    "name": "ГК Регионы",
    "office": null,
    "parent": 6139,
    "region": null,
    "rght": 25,
    "tree_id": 7
  },
  {
    "id": 6147,
    "level": 1,
    "lft": 26,
    "name": "ГК Роснано",
    "office": null,
    "parent": 6139,
    "region": null,
    "rght": 27,
    "tree_id": 7
  },
  {
    "id": 6158,
    "level": 1,
    "lft": 28,
    "name": "ГК Ростех",
    "office": null,
    "parent": 6139,
    "region": null,
    "rght": 29,
    "tree_id": 7
  },
  {
    "id": 6154,
    "level": 1,
    "lft": 30,
    "name": "ГК Славич",
    "office": null,
    "parent": 6139,
    "region": null,
    "rght": 31,
    "tree_id": 7
  },
  {
    "id": 6176,
    "level": 1,
    "lft": 32,
    "name": "ГК СМП-Нефтегаз",
    "office": null,
    "parent": 6139,
    "region": null,
    "rght": 33,
    "tree_id": 7
  },
  {
    "id": 6143,
    "level": 1,
    "lft": 34,
    "name": "ГК Сумма",
    "office": null,
    "parent": 6139,
    "region": null,
    "rght": 35,
    "tree_id": 7
  },
  {
    "id": 6179,
    "level": 1,
    "lft": 36,
    "name": "ГК ТАИФ (братья Шаймиевы)",
    "office": null,
    "parent": 6139,
    "region": null,
    "rght": 37,
    "tree_id": 7
  },
  {
    "id": 6142,
    "level": 1,
    "lft": 38,
    "name": "ГК Эвалар",
    "office": null,
    "parent": 6139,
    "region": null,
    "rght": 39,
    "tree_id": 7
  },
  {
    "id": 6153,
    "level": 1,
    "lft": 40,
    "name": "ГК Эликор",
    "office": null,
    "parent": 6139,
    "region": null,
    "rght": 41,
    "tree_id": 7
  },
  {
    "id": 6178,
    "level": 1,
    "lft": 42,
    "name": "ГК “Камаз”",
    "office": null,
    "parent": 6139,
    "region": null,
    "rght": 43,
    "tree_id": 7
  },
  {
    "id": 6175,
    "level": 1,
    "lft": 44,
    "name": "ГК “Нэфис”",
    "office": null,
    "parent": 6139,
    "region": null,
    "rght": 45,
    "tree_id": 7
  },
  {
    "id": 6169,
    "level": 1,
    "lft": 46,
    "name": "ГК “Русская медная компания”",
    "office": null,
    "parent": 6139,
    "region": null,
    "rght": 47,
    "tree_id": 7
  },
  {
    "id": 6156,
    "level": 1,
    "lft": 48,
    "name": "ГК ”АЛМАЗ”",
    "office": null,
    "parent": 6139,
    "region": null,
    "rght": 49,
    "tree_id": 7
  },
  {
    "id": 6140,
    "level": 1,
    "lft": 50,
    "name": "Лукойл",
    "office": null,
    "parent": 6139,
    "region": null,
    "rght": 51,
    "tree_id": 7
  },
  {
    "id": 6163,
    "level": 1,
    "lft": 52,
    "name": "Норникель",
    "office": null,
    "parent": 6139,
    "region": null,
    "rght": 53,
    "tree_id": 7
  },
  {
    "id": 6160,
    "level": 1,
    "lft": 54,
    "name": "ОАО РЖД",
    "office": null,
    "parent": 6139,
    "region": null,
    "rght": 55,
    "tree_id": 7
  },
  {
    "id": 6164,
    "level": 1,
    "lft": 56,
    "name": "ОАО “Сибагрохолдинг”",
    "office": null,
    "parent": 6139,
    "region": null,
    "rght": 57,
    "tree_id": 7
  },
  {
    "id": 6170,
    "level": 1,
    "lft": 58,
    "name": "ООО “УСМК”",
    "office": null,
    "parent": 6139,
    "region": null,
    "rght": 59,
    "tree_id": 7
  },
  {
    "id": 6167,
    "level": 1,
    "lft": 60,
    "name": "ПАО \"ММК\"",
    "office": null,
    "parent": 6139,
    "region": null,
    "rght": 61,
    "tree_id": 7
  },
  {
    "id": 6171,
    "level": 1,
    "lft": 62,
    "name": "ПАО ЧКПЗ",
    "office": null,
    "parent": 6139,
    "region": null,
    "rght": 63,
    "tree_id": 7
  },
  {
    "id": 6173,
    "level": 1,
    "lft": 64,
    "name": "ПАО “Новатэк”",
    "office": null,
    "parent": 6139,
    "region": null,
    "rght": 65,
    "tree_id": 7
  },
  {
    "id": 6150,
    "level": 1,
    "lft": 66,
    "name": "ПГ “Аникеев бизнес инвест”",
    "office": null,
    "parent": 6139,
    "region": null,
    "rght": 67,
    "tree_id": 7
  },
  {
    "id": 6182,
    "level": 1,
    "lft": 68,
    "name": "Роснефть",
    "office": null,
    "parent": 6139,
    "region": null,
    "rght": 69,
    "tree_id": 7
  },
  {
    "id": 6162,
    "level": 1,
    "lft": 70,
    "name": "Русал",
    "office": null,
    "parent": 6139,
    "region": null,
    "rght": 71,
    "tree_id": 7
  },
  {
    "id": 6172,
    "level": 1,
    "lft": 72,
    "name": "Сургутнефтегаз",
    "office": null,
    "parent": 6139,
    "region": null,
    "rght": 73,
    "tree_id": 7
  },
  {
    "id": 6177,
    "level": 1,
    "lft": 74,
    "name": "Татнефть",
    "office": null,
    "parent": 6139,
    "region": null,
    "rght": 75,
    "tree_id": 7
  },
  {
    "id": 6161,
    "level": 1,
    "lft": 76,
    "name": "ХК Сибирский деловой союз",
    "office": null,
    "parent": 6139,
    "region": null,
    "rght": 77,
    "tree_id": 7
  },
  {
    "id": 6155,
    "level": 1,
    "lft": 78,
    "name": "Холдинг \"Металлинвест\"",
    "office": null,
    "parent": 6139,
    "region": null,
    "rght": 79,
    "tree_id": 7
  },
  {
    "id": 6180,
    "level": 1,
    "lft": 80,
    "name": "Холдинг \"ШИК\"",
    "office": null,
    "parent": 6139,
    "region": null,
    "rght": 81,
    "tree_id": 7
  },
  {
    "id": 6168,
    "level": 1,
    "lft": 82,
    "name": "Холдинг Металлоинвест (Алишер Усманов)",
    "office": null,
    "parent": 6139,
    "region": null,
    "rght": 83,
    "tree_id": 7
  },
  {
    "id": 6146,
    "level": 1,
    "lft": 84,
    "name": "Холдинг Рота",
    "office": null,
    "parent": 6139,
    "region": null,
    "rght": 85,
    "tree_id": 7
  },
  {
    "id": 6149,
    "level": 1,
    "lft": 86,
    "name": "Холдинг Синдика",
    "office": null,
    "parent": 6139,
    "region": null,
    "rght": 87,
    "tree_id": 7
  }
]