[
  {
    "id": 7812,
    "level": 0,
    "lft": 1,
    "name": "Иностранное лобби",
    "office": null,
    "parent": null,
    "region": null,
    "rght": 2,
    "tree_id": 1
  },
  {
    "id": 7917,
    "level": 0,
    "lft": 1,
    "name": "Не выявлено",
    "office": null,
    "parent": null,
    "region": null,
    "rght": 2,
    "tree_id": 2
  },
  {
    "id": 7801,
    "level": 0,
    "lft": 1,
    "name": "Общественно-политическое лобби",
    "office": null,
    "parent": null,
    "region": null,
    "rght": 22,
    "tree_id": 3
  },
  {
    "id": 7806,
    "level": 1,
    "lft": 2,
    "name": "гражданские инициативы",
    "office": null,
    "parent": 7801,
    "region": null,
    "rght": 9,
    "tree_id": 3
  },
  {
    "id": 7808,
    "level": 2,
    "lft": 3,
    "name": "автомобилисты",
    "office": null,
    "parent": 7806,
    "region": null,
    "rght": 4,
    "tree_id": 3
  },
  {
    "id": 7809,
    "level": 2,
    "lft": 5,
    "name": "НКО",
    "office": null,
    "parent": 7806,
    "region": null,
    "rght": 6,
    "tree_id": 3
  },
  {
    "id": 7807,
    "level": 2,
    "lft": 7,
    "name": "ОНФ",
    "office": null,
    "parent": 7806,
    "region": null,
    "rght": 8,
    "tree_id": 3
  },
  {
    "id": 7802,
    "level": 1,
    "lft": 10,
    "name": "конфессиональное лобби",
    "office": null,
    "parent": 7801,
    "region": null,
    "rght": 17,
    "tree_id": 3
  },
  {
    "id": 7805,
    "level": 2,
    "lft": 11,
    "name": "Буддизм",
    "office": null,
    "parent": 7802,
    "region": null,
    "rght": 12,
    "tree_id": 3
  },
  {
    "id": 7804,
    "level": 2,
    "lft": 13,
    "name": "Ислам",
    "office": null,
    "parent": 7802,
    "region": null,
    "rght": 14,
    "tree_id": 3
  },
  {
    "id": 7803,
    "level": 2,
    "lft": 15,
    "name": "РПЦ",
    "office": null,
    "parent": 7802,
    "region": null,
    "rght": 16,
    "tree_id": 3
  },
  {
    "id": 7811,
    "level": 1,
    "lft": 18,
    "name": "профсоюзное лобби",
    "office": null,
    "parent": 7801,
    "region": null,
    "rght": 19,
    "tree_id": 3
  },
  {
    "id": 7810,
    "level": 1,
    "lft": 20,
    "name": "экологическое лобби",
    "office": null,
    "parent": 7801,
    "region": null,
    "rght": 21,
    "tree_id": 3
  },
  {
    "id": 7753,
    "level": 0,
    "lft": 1,
    "name": "отраслевое лобби",
    "office": null,
    "parent": null,
    "region": null,
    "rght": 96,
    "tree_id": 4
  },
  {
    "id": 7755,
    "level": 1,
    "lft": 2,
    "name": "атомная промышленность",
    "office": null,
    "parent": 7753,
    "region": null,
    "rght": 3,
    "tree_id": 4
  },
  {
    "id": 7779,
    "level": 1,
    "lft": 4,
    "name": "геология и разведка недр",
    "office": null,
    "parent": 7753,
    "region": null,
    "rght": 5,
    "tree_id": 4
  },
  {
    "id": 7794,
    "level": 1,
    "lft": 6,
    "name": "государственное управление",
    "office": null,
    "parent": 7753,
    "region": null,
    "rght": 19,
    "tree_id": 4
  },
  {
    "id": 7798,
    "level": 2,
    "lft": 7,
    "name": "адвокаты",
    "office": null,
    "parent": 7794,
    "region": null,
    "rght": 8,
    "tree_id": 4
  },
  {
    "id": 7795,
    "level": 2,
    "lft": 9,
    "name": "госзакупки",
    "office": null,
    "parent": 7794,
    "region": null,
    "rght": 10,
    "tree_id": 4
  },
  {
    "id": 7796,
    "level": 2,
    "lft": 11,
    "name": "муниципальное управление",
    "office": null,
    "parent": 7794,
    "region": null,
    "rght": 12,
    "tree_id": 4
  },
  {
    "id": 7799,
    "level": 2,
    "lft": 13,
    "name": "нотариусы",
    "office": null,
    "parent": 7794,
    "region": null,
    "rght": 14,
    "tree_id": 4
  },
  {
    "id": 7800,
    "level": 2,
    "lft": 15,
    "name": "оценщики",
    "office": null,
    "parent": 7794,
    "region": null,
    "rght": 16,
    "tree_id": 4
  },
  {
    "id": 7797,
    "level": 2,
    "lft": 17,
    "name": "суды",
    "office": null,
    "parent": 7794,
    "region": null,
    "rght": 18,
    "tree_id": 4
  },
  {
    "id": 7762,
    "level": 1,
    "lft": 20,
    "name": "деревообрабатывающая и целлюлозно-бумажная промышленность",
    "office": null,
    "parent": 7753,
    "region": null,
    "rght": 21,
    "tree_id": 4
  },
  {
    "id": 7780,
    "level": 1,
    "lft": 22,
    "name": "жилищно-коммунальное хозяйство",
    "office": null,
    "parent": 7753,
    "region": null,
    "rght": 23,
    "tree_id": 4
  },
  {
    "id": 7783,
    "level": 1,
    "lft": 24,
    "name": "здравоохранение, спорт, туризм",
    "office": null,
    "parent": 7753,
    "region": null,
    "rght": 31,
    "tree_id": 4
  },
  {
    "id": 7784,
    "level": 2,
    "lft": 25,
    "name": "здравоохранение",
    "office": null,
    "parent": 7783,
    "region": null,
    "rght": 26,
    "tree_id": 4
  },
  {
    "id": 7785,
    "level": 2,
    "lft": 27,
    "name": "спорт",
    "office": null,
    "parent": 7783,
    "region": null,
    "rght": 28,
    "tree_id": 4
  },
  {
    "id": 7786,
    "level": 2,
    "lft": 29,
    "name": "туризм",
    "office": null,
    "parent": 7783,
    "region": null,
    "rght": 30,
    "tree_id": 4
  },
  {
    "id": 7778,
    "level": 1,
    "lft": 32,
    "name": "инвестиционная деятельность",
    "office": null,
    "parent": 7753,
    "region": null,
    "rght": 33,
    "tree_id": 4
  },
  {
    "id": 7756,
    "level": 1,
    "lft": 34,
    "name": "космическая отрасль",
    "office": null,
    "parent": 7753,
    "region": null,
    "rght": 35,
    "tree_id": 4
  },
  {
    "id": 7788,
    "level": 1,
    "lft": 36,
    "name": "культура, искусство, индустрия развлечений",
    "office": null,
    "parent": 7753,
    "region": null,
    "rght": 39,
    "tree_id": 4
  },
  {
    "id": 7789,
    "level": 2,
    "lft": 37,
    "name": "букмекеры",
    "office": null,
    "parent": 7788,
    "region": null,
    "rght": 38,
    "tree_id": 4
  },
  {
    "id": 7765,
    "level": 1,
    "lft": 40,
    "name": "легкая промышленность",
    "office": null,
    "parent": 7753,
    "region": null,
    "rght": 41,
    "tree_id": 4
  },
  {
    "id": 7771,
    "level": 1,
    "lft": 42,
    "name": "лесное, рыбное хозяйство",
    "office": null,
    "parent": 7753,
    "region": null,
    "rght": 43,
    "tree_id": 4
  },
  {
    "id": 7761,
    "level": 1,
    "lft": 44,
    "name": "машиностроение, автомобилестроение",
    "office": null,
    "parent": 7753,
    "region": null,
    "rght": 45,
    "tree_id": 4
  },
  {
    "id": 7769,
    "level": 1,
    "lft": 46,
    "name": "медицина и фармацевтика",
    "office": null,
    "parent": 7753,
    "region": null,
    "rght": 47,
    "tree_id": 4
  },
  {
    "id": 7787,
    "level": 1,
    "lft": 48,
    "name": "образование, наука и научное обслуживание",
    "office": null,
    "parent": 7753,
    "region": null,
    "rght": 49,
    "tree_id": 4
  },
  {
    "id": 7766,
    "level": 1,
    "lft": 50,
    "name": "пищевая промышленность",
    "office": null,
    "parent": 7753,
    "region": null,
    "rght": 55,
    "tree_id": 4
  },
  {
    "id": 7767,
    "level": 2,
    "lft": 51,
    "name": "алкогольное лобби",
    "office": null,
    "parent": 7766,
    "region": null,
    "rght": 52,
    "tree_id": 4
  },
  {
    "id": 7768,
    "level": 2,
    "lft": 53,
    "name": "табачное лобби",
    "office": null,
    "parent": 7766,
    "region": null,
    "rght": 54,
    "tree_id": 4
  },
  {
    "id": 7763,
    "level": 1,
    "lft": 56,
    "name": "промышленность строительных материалов",
    "office": null,
    "parent": 7753,
    "region": null,
    "rght": 57,
    "tree_id": 4
  },
  {
    "id": 7776,
    "level": 1,
    "lft": 58,
    "name": "ритейл",
    "office": null,
    "parent": 7753,
    "region": null,
    "rght": 59,
    "tree_id": 4
  },
  {
    "id": 7770,
    "level": 1,
    "lft": 60,
    "name": "сельское хозяйство",
    "office": null,
    "parent": 7753,
    "region": null,
    "rght": 61,
    "tree_id": 4
  },
  {
    "id": 7764,
    "level": 1,
    "lft": 62,
    "name": "стекольная и фарфоро-фаянсовая промышленность",
    "office": null,
    "parent": 7753,
    "region": null,
    "rght": 63,
    "tree_id": 4
  },
  {
    "id": 7775,
    "level": 1,
    "lft": 64,
    "name": "строительство, девелопмент",
    "office": null,
    "parent": 7753,
    "region": null,
    "rght": 65,
    "tree_id": 4
  },
  {
    "id": 7781,
    "level": 1,
    "lft": 66,
    "name": "сфера услуг",
    "office": null,
    "parent": 7753,
    "region": null,
    "rght": 69,
    "tree_id": 4
  },
  {
    "id": 7782,
    "level": 2,
    "lft": 67,
    "name": "реклама",
    "office": null,
    "parent": 7781,
    "region": null,
    "rght": 68,
    "tree_id": 4
  },
  {
    "id": 7777,
    "level": 1,
    "lft": 70,
    "name": "телекоммуникации, IT",
    "office": null,
    "parent": 7753,
    "region": null,
    "rght": 71,
    "tree_id": 4
  },
  {
    "id": 7757,
    "level": 1,
    "lft": 72,
    "name": "топливная промышленность",
    "office": null,
    "parent": 7753,
    "region": null,
    "rght": 73,
    "tree_id": 4
  },
  {
    "id": 7772,
    "level": 1,
    "lft": 74,
    "name": "транспорт и связь",
    "office": null,
    "parent": 7753,
    "region": null,
    "rght": 79,
    "tree_id": 4
  },
  {
    "id": 7774,
    "level": 2,
    "lft": 75,
    "name": "СМИ",
    "office": null,
    "parent": 7772,
    "region": null,
    "rght": 76,
    "tree_id": 4
  },
  {
    "id": 7773,
    "level": 2,
    "lft": 77,
    "name": "транспорт",
    "office": null,
    "parent": 7772,
    "region": null,
    "rght": 78,
    "tree_id": 4
  },
  {
    "id": 7790,
    "level": 1,
    "lft": 80,
    "name": "финансы, банки, страхование, пенсионное обслуживание",
    "office": null,
    "parent": 7753,
    "region": null,
    "rght": 87,
    "tree_id": 4
  },
  {
    "id": 7793,
    "level": 2,
    "lft": 81,
    "name": "пенсионное обслуживание",
    "office": null,
    "parent": 7790,
    "region": null,
    "rght": 82,
    "tree_id": 4
  },
  {
    "id": 7792,
    "level": 2,
    "lft": 83,
    "name": "страхование",
    "office": null,
    "parent": 7790,
    "region": null,
    "rght": 84,
    "tree_id": 4
  },
  {
    "id": 7791,
    "level": 2,
    "lft": 85,
    "name": "финансы, банки",
    "office": null,
    "parent": 7790,
    "region": null,
    "rght": 86,
    "tree_id": 4
  },
  {
    "id": 7760,
    "level": 1,
    "lft": 88,
    "name": "химическая и нефтехимическая промышленность",
    "office": null,
    "parent": 7753,
    "region": null,
    "rght": 89,
    "tree_id": 4
  },
  {
    "id": 7758,
    "level": 1,
    "lft": 90,
    "name": "черная, цветная металлургия, металлообработка",
    "office": null,
    "parent": 7753,
    "region": null,
    "rght": 93,
    "tree_id": 4
  },
  {
    "id": 7759,
    "level": 2,
    "lft": 91,
    "name": "оружейное лобби",
    "office": null,
    "parent": 7758,
    "region": null,
    "rght": 92,
    "tree_id": 4
  },
  {
    "id": 7754,
    "level": 1,
    "lft": 94,
    "name": "электроэнергетика",
    "office": null,
    "parent": 7753,
    "region": null,
    "rght": 95,
    "tree_id": 4
  },
  {
    "id": 7667,
    "level": 0,
    "lft": 1,
    "name": "Региональное лобби",
    "office": null,
    "parent": null,
    "region": null,
    "rght": 172,
    "tree_id": 5
  },
  {
    "id": 7668,
    "level": 1,
    "lft": 2,
    "name": "Алтайский край",
    "office": null,
    "parent": 7667,
    "region": null,
    "rght": 3,
    "tree_id": 5
  },
  {
    "id": 7669,
    "level": 1,
    "lft": 4,
    "name": "Амурская область",
    "office": null,
    "parent": 7667,
    "region": null,
    "rght": 5,
    "tree_id": 5
  },
  {
    "id": 7670,
    "level": 1,
    "lft": 6,
    "name": "Архангельская область",
    "office": null,
    "parent": 7667,
    "region": null,
    "rght": 7,
    "tree_id": 5
  },
  {
    "id": 7671,
    "level": 1,
    "lft": 8,
    "name": "Астраханская область",
    "office": null,
    "parent": 7667,
    "region": null,
    "rght": 9,
    "tree_id": 5
  },
  {
    "id": 7672,
    "level": 1,
    "lft": 10,
    "name": "Белгородская область",
    "office": null,
    "parent": 7667,
    "region": null,
    "rght": 11,
    "tree_id": 5
  },
  {
    "id": 7673,
    "level": 1,
    "lft": 12,
    "name": "Брянская область",
    "office": null,
    "parent": 7667,
    "region": null,
    "rght": 13,
    "tree_id": 5
  },
  {
    "id": 7674,
    "level": 1,
    "lft": 14,
    "name": "Владимирская область",
    "office": null,
    "parent": 7667,
    "region": null,
    "rght": 15,
    "tree_id": 5
  },
  {
    "id": 7675,
    "level": 1,
    "lft": 16,
    "name": "Волгоградская область",
    "office": null,
    "parent": 7667,
    "region": null,
    "rght": 17,
    "tree_id": 5
  },
  {
    "id": 7676,
    "level": 1,
    "lft": 18,
    "name": "Вологодская область",
    "office": null,
    "parent": 7667,
    "region": null,
    "rght": 19,
    "tree_id": 5
  },
  {
    "id": 7677,
    "level": 1,
    "lft": 20,
    "name": "Воронежская область",
    "office": null,
    "parent": 7667,
    "region": null,
    "rght": 21,
    "tree_id": 5
  },
  {
    "id": 7679,
    "level": 1,
    "lft": 22,
    "name": "Еврейская автономная область",
    "office": null,
    "parent": 7667,
    "region": null,
    "rght": 23,
    "tree_id": 5
  },
  {
    "id": 7680,
    "level": 1,
    "lft": 24,
    "name": "Забайкальский край",
    "office": null,
    "parent": 7667,
    "region": null,
    "rght": 25,
    "tree_id": 5
  },
  {
    "id": 7681,
    "level": 1,
    "lft": 26,
    "name": "Ивановская область",
    "office": null,
    "parent": 7667,
    "region": null,
    "rght": 27,
    "tree_id": 5
  },
  {
    "id": 7682,
    "level": 1,
    "lft": 28,
    "name": "Иркутская область",
    "office": null,
    "parent": 7667,
    "region": null,
    "rght": 29,
    "tree_id": 5
  },
  {
    "id": 7683,
    "level": 1,
    "lft": 30,
    "name": "Кабардино-Балкарская Республика",
    "office": null,
    "parent": 7667,
    "region": null,
    "rght": 31,
    "tree_id": 5
  },
  {
    "id": 7684,
    "level": 1,
    "lft": 32,
    "name": "Калининградская область",
    "office": null,
    "parent": 7667,
    "region": null,
    "rght": 33,
    "tree_id": 5
  },
  {
    "id": 7685,
    "level": 1,
    "lft": 34,
    "name": "Калужская область",
    "office": null,
    "parent": 7667,
    "region": null,
    "rght": 35,
    "tree_id": 5
  },
  {
    "id": 7686,
    "level": 1,
    "lft": 36,
    "name": "Камчатский край",
    "office": null,
    "parent": 7667,
    "region": null,
    "rght": 37,
    "tree_id": 5
  },
  {
    "id": 7687,
    "level": 1,
    "lft": 38,
    "name": "Карачаево-Черкесская Республика",
    "office": null,
    "parent": 7667,
    "region": null,
    "rght": 39,
    "tree_id": 5
  },
  {
    "id": 7688,
    "level": 1,
    "lft": 40,
    "name": "Кемеровская область",
    "office": null,
    "parent": 7667,
    "region": null,
    "rght": 41,
    "tree_id": 5
  },
  {
    "id": 7689,
    "level": 1,
    "lft": 42,
    "name": "Кировская область",
    "office": null,
    "parent": 7667,
    "region": null,
    "rght": 43,
    "tree_id": 5
  },
  {
    "id": 7690,
    "level": 1,
    "lft": 44,
    "name": "Костромская область",
    "office": null,
    "parent": 7667,
    "region": null,
    "rght": 45,
    "tree_id": 5
  },
  {
    "id": 7691,
    "level": 1,
    "lft": 46,
    "name": "Краснодарский край",
    "office": null,
    "parent": 7667,
    "region": null,
    "rght": 47,
    "tree_id": 5
  },
  {
    "id": 7692,
    "level": 1,
    "lft": 48,
    "name": "Красноярский край",
    "office": null,
    "parent": 7667,
    "region": null,
    "rght": 49,
    "tree_id": 5
  },
  {
    "id": 7693,
    "level": 1,
    "lft": 50,
    "name": "Курганская область",
    "office": null,
    "parent": 7667,
    "region": null,
    "rght": 51,
    "tree_id": 5
  },
  {
    "id": 7694,
    "level": 1,
    "lft": 52,
    "name": "Курская область",
    "office": null,
    "parent": 7667,
    "region": null,
    "rght": 53,
    "tree_id": 5
  },
  {
    "id": 7695,
    "level": 1,
    "lft": 54,
    "name": "Ленинградская область",
    "office": null,
    "parent": 7667,
    "region": null,
    "rght": 55,
    "tree_id": 5
  },
  {
    "id": 7696,
    "level": 1,
    "lft": 56,
    "name": "Липецкая область",
    "office": null,
    "parent": 7667,
    "region": null,
    "rght": 57,
    "tree_id": 5
  },
  {
    "id": 7697,
    "level": 1,
    "lft": 58,
    "name": "Магаданская область",
    "office": null,
    "parent": 7667,
    "region": null,
    "rght": 59,
    "tree_id": 5
  },
  {
    "id": 7678,
    "level": 1,
    "lft": 60,
    "name": "Москва",
    "office": null,
    "parent": 7667,
    "region": null,
    "rght": 61,
    "tree_id": 5
  },
  {
    "id": 7698,
    "level": 1,
    "lft": 62,
    "name": "Московская область",
    "office": null,
    "parent": 7667,
    "region": null,
    "rght": 63,
    "tree_id": 5
  },
  {
    "id": 7699,
    "level": 1,
    "lft": 64,
    "name": "Мурманская область",
    "office": null,
    "parent": 7667,
    "region": null,
    "rght": 65,
    "tree_id": 5
  },
  {
    "id": 7700,
    "level": 1,
    "lft": 66,
    "name": "Ненецкий автономный округ",
    "office": null,
    "parent": 7667,
    "region": null,
    "rght": 67,
    "tree_id": 5
  },
  {
    "id": 7701,
    "level": 1,
    "lft": 68,
    "name": "Нижегородская область",
    "office": null,
    "parent": 7667,
    "region": null,
    "rght": 69,
    "tree_id": 5
  },
  {
    "id": 7702,
    "level": 1,
    "lft": 70,
    "name": "Новгородская область",
    "office": null,
    "parent": 7667,
    "region": null,
    "rght": 71,
    "tree_id": 5
  },
  {
    "id": 7703,
    "level": 1,
    "lft": 72,
    "name": "Новосибирская область",
    "office": null,
    "parent": 7667,
    "region": null,
    "rght": 73,
    "tree_id": 5
  },
  {
    "id": 7704,
    "level": 1,
    "lft": 74,
    "name": "Омская область",
    "office": null,
    "parent": 7667,
    "region": null,
    "rght": 75,
    "tree_id": 5
  },
  {
    "id": 7705,
    "level": 1,
    "lft": 76,
    "name": "Оренбургская область",
    "office": null,
    "parent": 7667,
    "region": null,
    "rght": 77,
    "tree_id": 5
  },
  {
    "id": 7706,
    "level": 1,
    "lft": 78,
    "name": "Орловская область",
    "office": null,
    "parent": 7667,
    "region": null,
    "rght": 79,
    "tree_id": 5
  },
  {
    "id": 7707,
    "level": 1,
    "lft": 80,
    "name": "Пензенская область",
    "office": null,
    "parent": 7667,
    "region": null,
    "rght": 81,
    "tree_id": 5
  },
  {
    "id": 7708,
    "level": 1,
    "lft": 82,
    "name": "Пермский край",
    "office": null,
    "parent": 7667,
    "region": null,
    "rght": 83,
    "tree_id": 5
  },
  {
    "id": 7709,
    "level": 1,
    "lft": 84,
    "name": "Приморский край",
    "office": null,
    "parent": 7667,
    "region": null,
    "rght": 85,
    "tree_id": 5
  },
  {
    "id": 7710,
    "level": 1,
    "lft": 86,
    "name": "Псковская область",
    "office": null,
    "parent": 7667,
    "region": null,
    "rght": 87,
    "tree_id": 5
  },
  {
    "id": 7711,
    "level": 1,
    "lft": 88,
    "name": "Республика Адыгея",
    "office": null,
    "parent": 7667,
    "region": null,
    "rght": 89,
    "tree_id": 5
  },
  {
    "id": 7712,
    "level": 1,
    "lft": 90,
    "name": "Республика Алтай",
    "office": null,
    "parent": 7667,
    "region": null,
    "rght": 91,
    "tree_id": 5
  },
  {
    "id": 7713,
    "level": 1,
    "lft": 92,
    "name": "Республика Башкортостан",
    "office": null,
    "parent": 7667,
    "region": null,
    "rght": 93,
    "tree_id": 5
  },
  {
    "id": 7714,
    "level": 1,
    "lft": 94,
    "name": "Республика Бурятия",
    "office": null,
    "parent": 7667,
    "region": null,
    "rght": 95,
    "tree_id": 5
  },
  {
    "id": 7715,
    "level": 1,
    "lft": 96,
    "name": "Республика Дагестан",
    "office": null,
    "parent": 7667,
    "region": null,
    "rght": 97,
    "tree_id": 5
  },
  {
    "id": 7716,
    "level": 1,
    "lft": 98,
    "name": "Республика Ингушетия",
    "office": null,
    "parent": 7667,
    "region": null,
    "rght": 99,
    "tree_id": 5
  },
  {
    "id": 7717,
    "level": 1,
    "lft": 100,
    "name": "Республика Калмыкия",
    "office": null,
    "parent": 7667,
    "region": null,
    "rght": 101,
    "tree_id": 5
  },
  {
    "id": 7718,
    "level": 1,
    "lft": 102,
    "name": "Республика Карелия",
    "office": null,
    "parent": 7667,
    "region": null,
    "rght": 103,
    "tree_id": 5
  },
  {
    "id": 7719,
    "level": 1,
    "lft": 104,
    "name": "Республика Коми",
    "office": null,
    "parent": 7667,
    "region": null,
    "rght": 105,
    "tree_id": 5
  },
  {
    "id": 7720,
    "level": 1,
    "lft": 106,
    "name": "Республика Крым",
    "office": null,
    "parent": 7667,
    "region": null,
    "rght": 107,
    "tree_id": 5
  },
  {
    "id": 7721,
    "level": 1,
    "lft": 108,
    "name": "Республика Марий Эл",
    "office": null,
    "parent": 7667,
    "region": null,
    "rght": 109,
    "tree_id": 5
  },
  {
    "id": 7722,
    "level": 1,
    "lft": 110,
    "name": "Республика Мордовия",
    "office": null,
    "parent": 7667,
    "region": null,
    "rght": 111,
    "tree_id": 5
  },
  {
    "id": 7723,
    "level": 1,
    "lft": 112,
    "name": "Республика Саха (Якутия)",
    "office": null,
    "parent": 7667,
    "region": null,
    "rght": 113,
    "tree_id": 5
  },
  {
    "id": 7724,
    "level": 1,
    "lft": 114,
    "name": "Республика Северная Осетия - Алания",
    "office": null,
    "parent": 7667,
    "region": null,
    "rght": 115,
    "tree_id": 5
  },
  {
    "id": 7725,
    "level": 1,
    "lft": 116,
    "name": "Республика Татарстан",
    "office": null,
    "parent": 7667,
    "region": null,
    "rght": 117,
    "tree_id": 5
  },
  {
    "id": 7726,
    "level": 1,
    "lft": 118,
    "name": "Республика Тыва",
    "office": null,
    "parent": 7667,
    "region": null,
    "rght": 119,
    "tree_id": 5
  },
  {
    "id": 7727,
    "level": 1,
    "lft": 120,
    "name": "Республика Хакасия",
    "office": null,
    "parent": 7667,
    "region": null,
    "rght": 121,
    "tree_id": 5
  },
  {
    "id": 7728,
    "level": 1,
    "lft": 122,
    "name": "Ростовская область",
    "office": null,
    "parent": 7667,
    "region": null,
    "rght": 123,
    "tree_id": 5
  },
  {
    "id": 7729,
    "level": 1,
    "lft": 124,
    "name": "Рязанская область",
    "office": null,
    "parent": 7667,
    "region": null,
    "rght": 125,
    "tree_id": 5
  },
  {
    "id": 7730,
    "level": 1,
    "lft": 126,
    "name": "Самарская область",
    "office": null,
    "parent": 7667,
    "region": null,
    "rght": 127,
    "tree_id": 5
  },
  {
    "id": 7731,
    "level": 1,
    "lft": 128,
    "name": "Санкт-Петербург",
    "office": null,
    "parent": 7667,
    "region": null,
    "rght": 129,
    "tree_id": 5
  },
  {
    "id": 7732,
    "level": 1,
    "lft": 130,
    "name": "Саратовская область",
    "office": null,
    "parent": 7667,
    "region": null,
    "rght": 131,
    "tree_id": 5
  },
  {
    "id": 7733,
    "level": 1,
    "lft": 132,
    "name": "Сахалинская область",
    "office": null,
    "parent": 7667,
    "region": null,
    "rght": 133,
    "tree_id": 5
  },
  {
    "id": 7734,
    "level": 1,
    "lft": 134,
    "name": "Свердловская область",
    "office": null,
    "parent": 7667,
    "region": null,
    "rght": 135,
    "tree_id": 5
  },
  {
    "id": 7735,
    "level": 1,
    "lft": 136,
    "name": "Севастополь",
    "office": null,
    "parent": 7667,
    "region": null,
    "rght": 137,
    "tree_id": 5
  },
  {
    "id": 7736,
    "level": 1,
    "lft": 138,
    "name": "Смоленская область",
    "office": null,
    "parent": 7667,
    "region": null,
    "rght": 139,
    "tree_id": 5
  },
  {
    "id": 7737,
    "level": 1,
    "lft": 140,
    "name": "Ставропольский край",
    "office": null,
    "parent": 7667,
    "region": null,
    "rght": 141,
    "tree_id": 5
  },
  {
    "id": 7738,
    "level": 1,
    "lft": 142,
    "name": "Тамбовская область",
    "office": null,
    "parent": 7667,
    "region": null,
    "rght": 143,
    "tree_id": 5
  },
  {
    "id": 7739,
    "level": 1,
    "lft": 144,
    "name": "Тверская область",
    "office": null,
    "parent": 7667,
    "region": null,
    "rght": 145,
    "tree_id": 5
  },
  {
    "id": 7740,
    "level": 1,
    "lft": 146,
    "name": "Томская область",
    "office": null,
    "parent": 7667,
    "region": null,
    "rght": 147,
    "tree_id": 5
  },
  {
    "id": 7741,
    "level": 1,
    "lft": 148,
    "name": "Тульская область",
    "office": null,
    "parent": 7667,
    "region": null,
    "rght": 149,
    "tree_id": 5
  },
  {
    "id": 7742,
    "level": 1,
    "lft": 150,
    "name": "Тюменская область",
    "office": null,
    "parent": 7667,
    "region": null,
    "rght": 151,
    "tree_id": 5
  },
  {
    "id": 7743,
    "level": 1,
    "lft": 152,
    "name": "Удмуртская Республика",
    "office": null,
    "parent": 7667,
    "region": null,
    "rght": 153,
    "tree_id": 5
  },
  {
    "id": 7744,
    "level": 1,
    "lft": 154,
    "name": "Ульяновская область",
    "office": null,
    "parent": 7667,
    "region": null,
    "rght": 155,
    "tree_id": 5
  },
  {
    "id": 7745,
    "level": 1,
    "lft": 156,
    "name": "Хабаровский край",
    "office": null,
    "parent": 7667,
    "region": null,
    "rght": 157,
    "tree_id": 5
  },
  {
    "id": 7746,
    "level": 1,
    "lft": 158,
    "name": "Ханты-Мансийский автономный округ - Югра",
    "office": null,
    "parent": 7667,
    "region": null,
    "rght": 159,
    "tree_id": 5
  },
  {
    "id": 7747,
    "level": 1,
    "lft": 160,
    "name": "Челябинская область",
    "office": null,
    "parent": 7667,
    "region": null,
    "rght": 161,
    "tree_id": 5
  },
  {
    "id": 7748,
    "level": 1,
    "lft": 162,
    "name": "Чеченская Республика",
    "office": null,
    "parent": 7667,
    "region": null,
    "rght": 163,
    "tree_id": 5
  },
  {
    "id": 7749,
    "level": 1,
    "lft": 164,
    "name": "Чувашская Республика - Чувашия",
    "office": null,
    "parent": 7667,
    "region": null,
    "rght": 165,
    "tree_id": 5
  },
  {
    "id": 7750,
    "level": 1,
    "lft": 166,
    "name": "Чукотский автономный округ",
    "office": null,
    "parent": 7667,
    "region": null,
    "rght": 167,
    "tree_id": 5
  },
  {
    "id": 7751,
    "level": 1,
    "lft": 168,
    "name": "Ямало-Ненецкий автономный округ",
    "office": null,
    "parent": 7667,
    "region": null,
    "rght": 169,
    "tree_id": 5
  },
  {
    "id": 7752,
    "level": 1,
    "lft": 170,
    "name": "Ярославская область",
    "office": null,
    "parent": 7667,
    "region": null,
    "rght": 171,
    "tree_id": 5
  },
  {
    "id": 7624,
    "level": 0,
    "lft": 1,
    "name": "Федеральное лобби",
    "office": null,
    "parent": null,
    "region": null,
    "rght": 86,
    "tree_id": 6
  },
  {
    "id": 7636,
    "level": 1,
    "lft": 2,
    "name": "ведомственное лобби",
    "office": null,
    "parent": 7624,
    "region": null,
    "rght": 63,
    "tree_id": 6
  },
  {
    "id": 7663,
    "level": 2,
    "lft": 3,
    "name": "Банк России",
    "office": null,
    "parent": 7636,
    "region": null,
    "rght": 4,
    "tree_id": 6
  },
  {
    "id": 7658,
    "level": 2,
    "lft": 5,
    "name": "ГУСП",
    "office": null,
    "parent": 7636,
    "region": null,
    "rght": 6,
    "tree_id": 6
  },
  {
    "id": 7637,
    "level": 2,
    "lft": 7,
    "name": "МИД России",
    "office": null,
    "parent": 7636,
    "region": null,
    "rght": 8,
    "tree_id": 6
  },
  {
    "id": 7644,
    "level": 2,
    "lft": 9,
    "name": "Минвостокрозвития России",
    "office": null,
    "parent": 7636,
    "region": null,
    "rght": 10,
    "tree_id": 6
  },
  {
    "id": 7639,
    "level": 2,
    "lft": 11,
    "name": "Минздрав России",
    "office": null,
    "parent": 7636,
    "region": null,
    "rght": 12,
    "tree_id": 6
  },
  {
    "id": 7646,
    "level": 2,
    "lft": 13,
    "name": "Минкавказ России",
    "office": null,
    "parent": 7636,
    "region": null,
    "rght": 14,
    "tree_id": 6
  },
  {
    "id": 7645,
    "level": 2,
    "lft": 15,
    "name": "Минкомсвязь России",
    "office": null,
    "parent": 7636,
    "region": null,
    "rght": 16,
    "tree_id": 6
  },
  {
    "id": 7640,
    "level": 2,
    "lft": 17,
    "name": "Минкультуры России",
    "office": null,
    "parent": 7636,
    "region": null,
    "rght": 18,
    "tree_id": 6
  },
  {
    "id": 7641,
    "level": 2,
    "lft": 19,
    "name": "Минобрнауки России",
    "office": null,
    "parent": 7636,
    "region": null,
    "rght": 20,
    "tree_id": 6
  },
  {
    "id": 7642,
    "level": 2,
    "lft": 21,
    "name": "Минприроды России",
    "office": null,
    "parent": 7636,
    "region": null,
    "rght": 22,
    "tree_id": 6
  },
  {
    "id": 7643,
    "level": 2,
    "lft": 23,
    "name": "Минпромторг России",
    "office": null,
    "parent": 7636,
    "region": null,
    "rght": 24,
    "tree_id": 6
  },
  {
    "id": 7648,
    "level": 2,
    "lft": 25,
    "name": "Минсельхоз России",
    "office": null,
    "parent": 7636,
    "region": null,
    "rght": 26,
    "tree_id": 6
  },
  {
    "id": 7649,
    "level": 2,
    "lft": 27,
    "name": "Минспорт России",
    "office": null,
    "parent": 7636,
    "region": null,
    "rght": 28,
    "tree_id": 6
  },
  {
    "id": 7650,
    "level": 2,
    "lft": 29,
    "name": "Минстрой России",
    "office": null,
    "parent": 7636,
    "region": null,
    "rght": 30,
    "tree_id": 6
  },
  {
    "id": 7651,
    "level": 2,
    "lft": 31,
    "name": "Минтранс России",
    "office": null,
    "parent": 7636,
    "region": null,
    "rght": 32,
    "tree_id": 6
  },
  {
    "id": 7652,
    "level": 2,
    "lft": 33,
    "name": "Минтруда России",
    "office": null,
    "parent": 7636,
    "region": null,
    "rght": 34,
    "tree_id": 6
  },
  {
    "id": 7653,
    "level": 2,
    "lft": 35,
    "name": "Минфин России",
    "office": null,
    "parent": 7636,
    "region": null,
    "rght": 36,
    "tree_id": 6
  },
  {
    "id": 7654,
    "level": 2,
    "lft": 37,
    "name": "Минэкономразвития России",
    "office": null,
    "parent": 7636,
    "region": null,
    "rght": 38,
    "tree_id": 6
  },
  {
    "id": 7655,
    "level": 2,
    "lft": 39,
    "name": "Минэнерго России",
    "office": null,
    "parent": 7636,
    "region": null,
    "rght": 40,
    "tree_id": 6
  },
  {
    "id": 7638,
    "level": 2,
    "lft": 41,
    "name": "Минюст России",
    "office": null,
    "parent": 7636,
    "region": null,
    "rght": 42,
    "tree_id": 6
  },
  {
    "id": 7657,
    "level": 2,
    "lft": 43,
    "name": "Росархив",
    "office": null,
    "parent": 7636,
    "region": null,
    "rght": 44,
    "tree_id": 6
  },
  {
    "id": 7647,
    "level": 2,
    "lft": 45,
    "name": "Роскомнадзор",
    "office": null,
    "parent": 7636,
    "region": null,
    "rght": 46,
    "tree_id": 6
  },
  {
    "id": 7660,
    "level": 2,
    "lft": 47,
    "name": "Роспотребнадзор",
    "office": null,
    "parent": 7636,
    "region": null,
    "rght": 48,
    "tree_id": 6
  },
  {
    "id": 7662,
    "level": 2,
    "lft": 49,
    "name": "Росрезерв",
    "office": null,
    "parent": 7636,
    "region": null,
    "rght": 50,
    "tree_id": 6
  },
  {
    "id": 7661,
    "level": 2,
    "lft": 51,
    "name": "Ростехнадзор",
    "office": null,
    "parent": 7636,
    "region": null,
    "rght": 52,
    "tree_id": 6
  },
  {
    "id": 7656,
    "level": 2,
    "lft": 53,
    "name": "Росфинмониторинг",
    "office": null,
    "parent": 7636,
    "region": null,
    "rght": 54,
    "tree_id": 6
  },
  {
    "id": 7666,
    "level": 2,
    "lft": 55,
    "name": "Счетная палата",
    "office": null,
    "parent": 7636,
    "region": null,
    "rght": 56,
    "tree_id": 6
  },
  {
    "id": 7659,
    "level": 2,
    "lft": 57,
    "name": "ФАС России",
    "office": null,
    "parent": 7636,
    "region": null,
    "rght": 58,
    "tree_id": 6
  },
  {
    "id": 7664,
    "level": 2,
    "lft": 59,
    "name": "Федеральная налоговая служба",
    "office": null,
    "parent": 7636,
    "region": null,
    "rght": 60,
    "tree_id": 6
  },
  {
    "id": 7665,
    "level": 2,
    "lft": 61,
    "name": "ФССП России",
    "office": null,
    "parent": 7636,
    "region": null,
    "rght": 62,
    "tree_id": 6
  },
  {
    "id": 7625,
    "level": 1,
    "lft": 64,
    "name": "силовое лобби",
    "office": null,
    "parent": 7624,
    "region": null,
    "rght": 85,
    "tree_id": 6
  },
  {
    "id": 7630,
    "level": 2,
    "lft": 65,
    "name": "МВД",
    "office": null,
    "parent": 7625,
    "region": null,
    "rght": 66,
    "tree_id": 6
  },
  {
    "id": 7635,
    "level": 2,
    "lft": 67,
    "name": "Минобороны",
    "office": null,
    "parent": 7625,
    "region": null,
    "rght": 68,
    "tree_id": 6
  },
  {
    "id": 7633,
    "level": 2,
    "lft": 69,
    "name": "МЧС России",
    "office": null,
    "parent": 7625,
    "region": null,
    "rght": 70,
    "tree_id": 6
  },
  {
    "id": 7632,
    "level": 2,
    "lft": 71,
    "name": "Прокуратура",
    "office": null,
    "parent": 7625,
    "region": null,
    "rght": 72,
    "tree_id": 6
  },
  {
    "id": 7628,
    "level": 2,
    "lft": 73,
    "name": "Росгвардия",
    "office": null,
    "parent": 7625,
    "region": null,
    "rght": 74,
    "tree_id": 6
  },
  {
    "id": 7629,
    "level": 2,
    "lft": 75,
    "name": "СВР",
    "office": null,
    "parent": 7625,
    "region": null,
    "rght": 76,
    "tree_id": 6
  },
  {
    "id": 7631,
    "level": 2,
    "lft": 77,
    "name": "СК",
    "office": null,
    "parent": 7625,
    "region": null,
    "rght": 78,
    "tree_id": 6
  },
  {
    "id": 7626,
    "level": 2,
    "lft": 79,
    "name": "ФСБ",
    "office": null,
    "parent": 7625,
    "region": null,
    "rght": 80,
    "tree_id": 6
  },
  {
    "id": 7634,
    "level": 2,
    "lft": 81,
    "name": "ФСИН",
    "office": null,
    "parent": 7625,
    "region": null,
    "rght": 82,
    "tree_id": 6
  },
  {
    "id": 7627,
    "level": 2,
    "lft": 83,
    "name": "ФСО",
    "office": null,
    "parent": 7625,
    "region": null,
    "rght": 84,
    "tree_id": 6
  },
  {
    "id": 7813,
    "level": 0,
    "lft": 1,
    "name": "Финансово-промышленные группы",
    "office": null,
    "parent": null,
    "region": null,
    "rght": 208,
    "tree_id": 7
  },
  {
    "id": 7880,
    "level": 1,
    "lft": 2,
    "name": "En+",
    "office": null,
    "parent": 7813,
    "region": null,
    "rght": 3,
    "tree_id": 7
  },
  {
    "id": 7822,
    "level": 1,
    "lft": 4,
    "name": "Fort Group",
    "office": null,
    "parent": 7813,
    "region": null,
    "rght": 5,
    "tree_id": 7
  },
  {
    "id": 7848,
    "level": 1,
    "lft": 6,
    "name": "SVP Group",
    "office": null,
    "parent": 7813,
    "region": null,
    "rght": 7,
    "tree_id": 7
  },
  {
    "id": 7825,
    "level": 1,
    "lft": 8,
    "name": "АБИ Групп",
    "office": null,
    "parent": 7813,
    "region": null,
    "rght": 9,
    "tree_id": 7
  },
  {
    "id": 7879,
    "level": 1,
    "lft": 10,
    "name": "Агрохолдинг “Кубань”",
    "office": null,
    "parent": 7813,
    "region": null,
    "rght": 11,
    "tree_id": 7
  },
  {
    "id": 7861,
    "level": 1,
    "lft": 12,
    "name": "АК Алроса",
    "office": null,
    "parent": 7813,
    "region": null,
    "rght": 13,
    "tree_id": 7
  },
  {
    "id": 7869,
    "level": 1,
    "lft": 14,
    "name": "Алкогольная сибирская группа",
    "office": null,
    "parent": 7813,
    "region": null,
    "rght": 15,
    "tree_id": 7
  },
  {
    "id": 7818,
    "level": 1,
    "lft": 16,
    "name": "Альфа-групп",
    "office": null,
    "parent": 7813,
    "region": null,
    "rght": 17,
    "tree_id": 7
  },
  {
    "id": 7839,
    "level": 1,
    "lft": 18,
    "name": "АО «НПК «Уралвагонзавод»",
    "office": null,
    "parent": 7813,
    "region": null,
    "rght": 19,
    "tree_id": 7
  },
  {
    "id": 7881,
    "level": 1,
    "lft": 20,
    "name": "АО Молвест",
    "office": null,
    "parent": 7813,
    "region": null,
    "rght": 21,
    "tree_id": 7
  },
  {
    "id": 7840,
    "level": 1,
    "lft": 22,
    "name": "АО ЧЭМК",
    "office": null,
    "parent": 7813,
    "region": null,
    "rght": 23,
    "tree_id": 7
  },
  {
    "id": 7884,
    "level": 1,
    "lft": 24,
    "name": "АО “Агрокомплекс”",
    "office": null,
    "parent": 7813,
    "region": null,
    "rght": 25,
    "tree_id": 7
  },
  {
    "id": 7910,
    "level": 1,
    "lft": 26,
    "name": "АО “ОРКК”",
    "office": null,
    "parent": 7813,
    "region": null,
    "rght": 27,
    "tree_id": 7
  },
  {
    "id": 7819,
    "level": 1,
    "lft": 28,
    "name": "Базовый элемент",
    "office": null,
    "parent": 7813,
    "region": null,
    "rght": 29,
    "tree_id": 7
  },
  {
    "id": 7916,
    "level": 1,
    "lft": 30,
    "name": "Банк Югра",
    "office": null,
    "parent": 7813,
    "region": null,
    "rght": 31,
    "tree_id": 7
  },
  {
    "id": 7855,
    "level": 1,
    "lft": 32,
    "name": "Газпром бурение - братья Ротенберги",
    "office": null,
    "parent": 7813,
    "region": null,
    "rght": 33,
    "tree_id": 7
  },
  {
    "id": 7907,
    "level": 1,
    "lft": 34,
    "name": "ГК Адамант",
    "office": null,
    "parent": 7813,
    "region": null,
    "rght": 35,
    "tree_id": 7
  },
  {
    "id": 7826,
    "level": 1,
    "lft": 36,
    "name": "ГК Алвисагрупп",
    "office": null,
    "parent": 7813,
    "region": null,
    "rght": 37,
    "tree_id": 7
  },
  {
    "id": 7833,
    "level": 1,
    "lft": 38,
    "name": "ГК АСПЭК",
    "office": null,
    "parent": 7813,
    "region": null,
    "rght": 39,
    "tree_id": 7
  },
  {
    "id": 7909,
    "level": 1,
    "lft": 40,
    "name": "ГК Донстрой",
    "office": null,
    "parent": 7813,
    "region": null,
    "rght": 41,
    "tree_id": 7
  },
  {
    "id": 7895,
    "level": 1,
    "lft": 42,
    "name": "ГК Здоровая ферма",
    "office": null,
    "parent": 7813,
    "region": null,
    "rght": 43,
    "tree_id": 7
  },
  {
    "id": 7896,
    "level": 1,
    "lft": 44,
    "name": "ГК Компаньон",
    "office": null,
    "parent": 7813,
    "region": null,
    "rght": 45,
    "tree_id": 7
  },
  {
    "id": 7899,
    "level": 1,
    "lft": 46,
    "name": "ГК КСМ",
    "office": null,
    "parent": 7813,
    "region": null,
    "rght": 47,
    "tree_id": 7
  },
  {
    "id": 7885,
    "level": 1,
    "lft": 48,
    "name": "ГК Продимекс",
    "office": null,
    "parent": 7813,
    "region": null,
    "rght": 49,
    "tree_id": 7
  },
  {
    "id": 7831,
    "level": 1,
    "lft": 50,
    "name": "ГК Регионы",
    "office": null,
    "parent": 7813,
    "region": null,
    "rght": 51,
    "tree_id": 7
  },
  {
    "id": 7883,
    "level": 1,
    "lft": 52,
    "name": "ГК Росатом",
    "office": null,
    "parent": 7813,
    "region": null,
    "rght": 53,
    "tree_id": 7
  },
  {
    "id": 7821,
    "level": 1,
    "lft": 54,
    "name": "ГК Роснано",
    "office": null,
    "parent": 7813,
    "region": null,
    "rght": 55,
    "tree_id": 7
  },
  {
    "id": 7832,
    "level": 1,
    "lft": 56,
    "name": "ГК Ростех",
    "office": null,
    "parent": 7813,
    "region": null,
    "rght": 57,
    "tree_id": 7
  },
  {
    "id": 7828,
    "level": 1,
    "lft": 58,
    "name": "ГК Славич",
    "office": null,
    "parent": 7813,
    "region": null,
    "rght": 59,
    "tree_id": 7
  },
  {
    "id": 7850,
    "level": 1,
    "lft": 60,
    "name": "ГК СМП-Нефтегаз",
    "office": null,
    "parent": 7813,
    "region": null,
    "rght": 61,
    "tree_id": 7
  },
  {
    "id": 7817,
    "level": 1,
    "lft": 62,
    "name": "ГК Сумма",
    "office": null,
    "parent": 7813,
    "region": null,
    "rght": 63,
    "tree_id": 7
  },
  {
    "id": 7853,
    "level": 1,
    "lft": 64,
    "name": "ГК ТАИФ",
    "office": null,
    "parent": 7813,
    "region": null,
    "rght": 65,
    "tree_id": 7
  },
  {
    "id": 7891,
    "level": 1,
    "lft": 66,
    "name": "ГК Труд",
    "office": null,
    "parent": 7813,
    "region": null,
    "rght": 67,
    "tree_id": 7
  },
  {
    "id": 7894,
    "level": 1,
    "lft": 68,
    "name": "ГК Увелка",
    "office": null,
    "parent": 7813,
    "region": null,
    "rght": 69,
    "tree_id": 7
  },
  {
    "id": 7816,
    "level": 1,
    "lft": 70,
    "name": "ГК Эвалар",
    "office": null,
    "parent": 7813,
    "region": null,
    "rght": 71,
    "tree_id": 7
  },
  {
    "id": 7827,
    "level": 1,
    "lft": 72,
    "name": "ГК Эликор",
    "office": null,
    "parent": 7813,
    "region": null,
    "rght": 73,
    "tree_id": 7
  },
  {
    "id": 7903,
    "level": 1,
    "lft": 74,
    "name": "ГК Юг Руси",
    "office": null,
    "parent": 7813,
    "region": null,
    "rght": 75,
    "tree_id": 7
  },
  {
    "id": 7830,
    "level": 1,
    "lft": 76,
    "name": "ГК “АЛМАЗ”",
    "office": null,
    "parent": 7813,
    "region": null,
    "rght": 77,
    "tree_id": 7
  },
  {
    "id": 7852,
    "level": 1,
    "lft": 78,
    "name": "ГК “Камаз”",
    "office": null,
    "parent": 7813,
    "region": null,
    "rght": 79,
    "tree_id": 7
  },
  {
    "id": 7849,
    "level": 1,
    "lft": 80,
    "name": "ГК “Нэфис”",
    "office": null,
    "parent": 7813,
    "region": null,
    "rght": 81,
    "tree_id": 7
  },
  {
    "id": 7843,
    "level": 1,
    "lft": 82,
    "name": "ГК “Русская медная компания”",
    "office": null,
    "parent": 7813,
    "region": null,
    "rght": 83,
    "tree_id": 7
  },
  {
    "id": 7860,
    "level": 1,
    "lft": 84,
    "name": "Глобалстрой инжиниринг",
    "office": null,
    "parent": 7813,
    "region": null,
    "rght": 85,
    "tree_id": 7
  },
  {
    "id": 7864,
    "level": 1,
    "lft": 86,
    "name": "ДОССАФ",
    "office": null,
    "parent": 7813,
    "region": null,
    "rght": 87,
    "tree_id": 7
  },
  {
    "id": 7888,
    "level": 1,
    "lft": 88,
    "name": "Евраз Групп",
    "office": null,
    "parent": 7813,
    "region": null,
    "rght": 89,
    "tree_id": 7
  },
  {
    "id": 7897,
    "level": 1,
    "lft": 90,
    "name": "Завод Медсинтез",
    "office": null,
    "parent": 7813,
    "region": null,
    "rght": 91,
    "tree_id": 7
  },
  {
    "id": 7867,
    "level": 1,
    "lft": 92,
    "name": "ЗАО Национальная медиа группа",
    "office": null,
    "parent": 7813,
    "region": null,
    "rght": 93,
    "tree_id": 7
  },
  {
    "id": 7912,
    "level": 1,
    "lft": 94,
    "name": "ЗАО УК Русский уголь",
    "office": null,
    "parent": 7813,
    "region": null,
    "rght": 95,
    "tree_id": 7
  },
  {
    "id": 7878,
    "level": 1,
    "lft": 96,
    "name": "ЗАО “Завод электротехнического оборудования”",
    "office": null,
    "parent": 7813,
    "region": null,
    "rght": 97,
    "tree_id": 7
  },
  {
    "id": 7873,
    "level": 1,
    "lft": 98,
    "name": "Корпорация Единый Электроэнергетический Комплекс",
    "office": null,
    "parent": 7813,
    "region": null,
    "rght": 99,
    "tree_id": 7
  },
  {
    "id": 7814,
    "level": 1,
    "lft": 100,
    "name": "Лукойл",
    "office": null,
    "parent": 7813,
    "region": null,
    "rght": 101,
    "tree_id": 7
  },
  {
    "id": 7872,
    "level": 1,
    "lft": 102,
    "name": "Московская конфедерация промышленников и предпринимателей",
    "office": null,
    "parent": 7813,
    "region": null,
    "rght": 103,
    "tree_id": 7
  },
  {
    "id": 7892,
    "level": 1,
    "lft": 104,
    "name": "МЭТТЭМ",
    "office": null,
    "parent": 7813,
    "region": null,
    "rght": 105,
    "tree_id": 7
  },
  {
    "id": 7875,
    "level": 1,
    "lft": 106,
    "name": "НОПРИЗ",
    "office": null,
    "parent": 7813,
    "region": null,
    "rght": 107,
    "tree_id": 7
  },
  {
    "id": 7837,
    "level": 1,
    "lft": 108,
    "name": "Норникель",
    "office": null,
    "parent": 7813,
    "region": null,
    "rght": 109,
    "tree_id": 7
  },
  {
    "id": 7863,
    "level": 1,
    "lft": 110,
    "name": "ООО Арт-Реставрация",
    "office": null,
    "parent": 7813,
    "region": null,
    "rght": 111,
    "tree_id": 7
  },
  {
    "id": 7893,
    "level": 1,
    "lft": 112,
    "name": "ООО ИПК “Константа Капитал”",
    "office": null,
    "parent": 7813,
    "region": null,
    "rght": 113,
    "tree_id": 7
  },
  {
    "id": 7871,
    "level": 1,
    "lft": 114,
    "name": "ООО ОХК “Щекиноазот”",
    "office": null,
    "parent": 7813,
    "region": null,
    "rght": 115,
    "tree_id": 7
  },
  {
    "id": 7901,
    "level": 1,
    "lft": 116,
    "name": "ООО Фирма “Калория”",
    "office": null,
    "parent": 7813,
    "region": null,
    "rght": 117,
    "tree_id": 7
  },
  {
    "id": 7844,
    "level": 1,
    "lft": 118,
    "name": "ООО “УСМК”",
    "office": null,
    "parent": 7813,
    "region": null,
    "rght": 119,
    "tree_id": 7
  },
  {
    "id": 7841,
    "level": 1,
    "lft": 120,
    "name": "ПАО \"ММК\"",
    "office": null,
    "parent": 7813,
    "region": null,
    "rght": 121,
    "tree_id": 7
  },
  {
    "id": 7887,
    "level": 1,
    "lft": 122,
    "name": "ПАО \"МРСК Северо-Запада\"",
    "office": null,
    "parent": 7813,
    "region": null,
    "rght": 123,
    "tree_id": 7
  },
  {
    "id": 7862,
    "level": 1,
    "lft": 124,
    "name": "ПАО Автоваз",
    "office": null,
    "parent": 7813,
    "region": null,
    "rght": 125,
    "tree_id": 7
  },
  {
    "id": 7815,
    "level": 1,
    "lft": 126,
    "name": "ПАО Газпром",
    "office": null,
    "parent": 7813,
    "region": null,
    "rght": 127,
    "tree_id": 7
  },
  {
    "id": 7859,
    "level": 1,
    "lft": 128,
    "name": "ПАО Кировский завод",
    "office": null,
    "parent": 7813,
    "region": null,
    "rght": 129,
    "tree_id": 7
  },
  {
    "id": 7857,
    "level": 1,
    "lft": 130,
    "name": "ПАО Объединенная авиастроительная корпорация",
    "office": null,
    "parent": 7813,
    "region": null,
    "rght": 131,
    "tree_id": 7
  },
  {
    "id": 7834,
    "level": 1,
    "lft": 132,
    "name": "ПАО РЖД",
    "office": null,
    "parent": 7813,
    "region": null,
    "rght": 133,
    "tree_id": 7
  },
  {
    "id": 7886,
    "level": 1,
    "lft": 134,
    "name": "ПАО Ростелеком",
    "office": null,
    "parent": 7813,
    "region": null,
    "rght": 135,
    "tree_id": 7
  },
  {
    "id": 7868,
    "level": 1,
    "lft": 136,
    "name": "ПАО Северсталь",
    "office": null,
    "parent": 7813,
    "region": null,
    "rght": 137,
    "tree_id": 7
  },
  {
    "id": 7845,
    "level": 1,
    "lft": 138,
    "name": "ПАО ЧКПЗ",
    "office": null,
    "parent": 7813,
    "region": null,
    "rght": 139,
    "tree_id": 7
  },
  {
    "id": 7904,
    "level": 1,
    "lft": 140,
    "name": "ПАО “Мурманский Траловый Флот”",
    "office": null,
    "parent": 7813,
    "region": null,
    "rght": 141,
    "tree_id": 7
  },
  {
    "id": 7847,
    "level": 1,
    "lft": 142,
    "name": "ПАО “Новатэк”",
    "office": null,
    "parent": 7813,
    "region": null,
    "rght": 143,
    "tree_id": 7
  },
  {
    "id": 7906,
    "level": 1,
    "lft": 144,
    "name": "ПАО “Тулачермет”",
    "office": null,
    "parent": 7813,
    "region": null,
    "rght": 145,
    "tree_id": 7
  },
  {
    "id": 7824,
    "level": 1,
    "lft": 146,
    "name": "ПГ “Аникеев бизнес инвест”",
    "office": null,
    "parent": 7813,
    "region": null,
    "rght": 147,
    "tree_id": 7
  },
  {
    "id": 7913,
    "level": 1,
    "lft": 148,
    "name": "Полипласт Новомосковск",
    "office": null,
    "parent": 7813,
    "region": null,
    "rght": 149,
    "tree_id": 7
  },
  {
    "id": 7858,
    "level": 1,
    "lft": 150,
    "name": "Росавтодор",
    "office": null,
    "parent": 7813,
    "region": null,
    "rght": 151,
    "tree_id": 7
  },
  {
    "id": 7856,
    "level": 1,
    "lft": 152,
    "name": "Роснефть",
    "office": null,
    "parent": 7813,
    "region": null,
    "rght": 153,
    "tree_id": 7
  },
  {
    "id": 7865,
    "level": 1,
    "lft": 154,
    "name": "Ростсельмаш, Константин Бабкин",
    "office": null,
    "parent": 7813,
    "region": null,
    "rght": 155,
    "tree_id": 7
  },
  {
    "id": 7836,
    "level": 1,
    "lft": 156,
    "name": "Русал",
    "office": null,
    "parent": 7813,
    "region": null,
    "rght": 157,
    "tree_id": 7
  },
  {
    "id": 7866,
    "level": 1,
    "lft": 158,
    "name": "Русская рыбопромышленная компания",
    "office": null,
    "parent": 7813,
    "region": null,
    "rght": 159,
    "tree_id": 7
  },
  {
    "id": 7877,
    "level": 1,
    "lft": 160,
    "name": "Русский холод",
    "office": null,
    "parent": 7813,
    "region": null,
    "rght": 161,
    "tree_id": 7
  },
  {
    "id": 7838,
    "level": 1,
    "lft": 162,
    "name": "Сибагрохолдинг",
    "office": null,
    "parent": 7813,
    "region": null,
    "rght": 163,
    "tree_id": 7
  },
  {
    "id": 7900,
    "level": 1,
    "lft": 164,
    "name": "СЛАВМО",
    "office": null,
    "parent": 7813,
    "region": null,
    "rght": 165,
    "tree_id": 7
  },
  {
    "id": 7846,
    "level": 1,
    "lft": 166,
    "name": "Сургутнефтегаз",
    "office": null,
    "parent": 7813,
    "region": null,
    "rght": 167,
    "tree_id": 7
  },
  {
    "id": 7874,
    "level": 1,
    "lft": 168,
    "name": "Сусуманский ГОК “Сусуманзолото”",
    "office": null,
    "parent": 7813,
    "region": null,
    "rght": 169,
    "tree_id": 7
  },
  {
    "id": 7851,
    "level": 1,
    "lft": 170,
    "name": "Татнефть",
    "office": null,
    "parent": 7813,
    "region": null,
    "rght": 171,
    "tree_id": 7
  },
  {
    "id": 7908,
    "level": 1,
    "lft": 172,
    "name": "УГМК",
    "office": null,
    "parent": 7813,
    "region": null,
    "rght": 173,
    "tree_id": 7
  },
  {
    "id": 7898,
    "level": 1,
    "lft": 174,
    "name": "Урало-Сибирская горно-металлургическая компания",
    "office": null,
    "parent": 7813,
    "region": null,
    "rght": 175,
    "tree_id": 7
  },
  {
    "id": 7882,
    "level": 1,
    "lft": 176,
    "name": "Уралтрубпром",
    "office": null,
    "parent": 7813,
    "region": null,
    "rght": 177,
    "tree_id": 7
  },
  {
    "id": 7905,
    "level": 1,
    "lft": 178,
    "name": "Уралхим",
    "office": null,
    "parent": 7813,
    "region": null,
    "rght": 179,
    "tree_id": 7
  },
  {
    "id": 7870,
    "level": 1,
    "lft": 180,
    "name": "ХК Металлург",
    "office": null,
    "parent": 7813,
    "region": null,
    "rght": 181,
    "tree_id": 7
  },
  {
    "id": 7835,
    "level": 1,
    "lft": 182,
    "name": "ХК Сибирский деловой союз",
    "office": null,
    "parent": 7813,
    "region": null,
    "rght": 183,
    "tree_id": 7
  },
  {
    "id": 7890,
    "level": 1,
    "lft": 184,
    "name": "Холдинг \"Макфа\"",
    "office": null,
    "parent": 7813,
    "region": null,
    "rght": 185,
    "tree_id": 7
  },
  {
    "id": 7829,
    "level": 1,
    "lft": 186,
    "name": "Холдинг \"Металлинвест\"",
    "office": null,
    "parent": 7813,
    "region": null,
    "rght": 187,
    "tree_id": 7
  },
  {
    "id": 7854,
    "level": 1,
    "lft": 188,
    "name": "Холдинг \"Шик\"",
    "office": null,
    "parent": 7813,
    "region": null,
    "rght": 189,
    "tree_id": 7
  },
  {
    "id": 7911,
    "level": 1,
    "lft": 190,
    "name": "холдинг Rubex Group",
    "office": null,
    "parent": 7813,
    "region": null,
    "rght": 191,
    "tree_id": 7
  },
  {
    "id": 7915,
    "level": 1,
    "lft": 192,
    "name": "Холдинг Агросила",
    "office": null,
    "parent": 7813,
    "region": null,
    "rght": 193,
    "tree_id": 7
  },
  {
    "id": 7876,
    "level": 1,
    "lft": 194,
    "name": "Холдинг Адучи",
    "office": null,
    "parent": 7813,
    "region": null,
    "rght": 195,
    "tree_id": 7
  },
  {
    "id": 7842,
    "level": 1,
    "lft": 196,
    "name": "Холдинг Металлоинвест",
    "office": null,
    "parent": 7813,
    "region": null,
    "rght": 197,
    "tree_id": 7
  },
  {
    "id": 7820,
    "level": 1,
    "lft": 198,
    "name": "Холдинг Рота",
    "office": null,
    "parent": 7813,
    "region": null,
    "rght": 199,
    "tree_id": 7
  },
  {
    "id": 7823,
    "level": 1,
    "lft": 200,
    "name": "Холдинг Синдика",
    "office": null,
    "parent": 7813,
    "region": null,
    "rght": 201,
    "tree_id": 7
  },
  {
    "id": 7889,
    "level": 1,
    "lft": 202,
    "name": "Холдинг ЦДС",
    "office": null,
    "parent": 7813,
    "region": null,
    "rght": 203,
    "tree_id": 7
  },
  {
    "id": 7902,
    "level": 1,
    "lft": 204,
    "name": "Холдинг “Красный Восток Агро”",
    "office": null,
    "parent": 7813,
    "region": null,
    "rght": 205,
    "tree_id": 7
  },
  {
    "id": 7914,
    "level": 1,
    "lft": 206,
    "name": "Холдинг “Лидер групп”",
    "office": null,
    "parent": 7813,
    "region": null,
    "rght": 207,
    "tree_id": 7
  }
]