[
  {
    "id": 1923,
    "level": 0,
    "lft": 1,
    "name": "cфера влияния Олега Дерипаски (ПГ “Базовый элемент”, Русал, En+)",
    "office": null,
    "parent": null,
    "region": null,
    "rght": 2,
    "tree_id": 1
  },
  {
    "id": 1901,
    "level": 0,
    "lft": 1,
    "name": "братья Ротенберг",
    "office": null,
    "parent": null,
    "region": null,
    "rght": 2,
    "tree_id": 2
  },
  {
    "id": 1802,
    "level": 0,
    "lft": 1,
    "name": "ведомственное лобби",
    "office": null,
    "parent": null,
    "region": null,
    "rght": 8,
    "tree_id": 3
  },
  {
    "id": 1887,
    "level": 1,
    "lft": 2,
    "name": "Минобрнауки",
    "office": null,
    "parent": 1802,
    "region": null,
    "rght": 3,
    "tree_id": 3
  },
  {
    "id": 1803,
    "level": 1,
    "lft": 4,
    "name": "Роскомнадзор",
    "office": null,
    "parent": 1802,
    "region": null,
    "rght": 5,
    "tree_id": 3
  },
  {
    "id": 1999,
    "level": 1,
    "lft": 6,
    "name": "ФССП России",
    "office": null,
    "parent": 1802,
    "region": null,
    "rght": 7,
    "tree_id": 3
  },
  {
    "id": 1774,
    "level": 0,
    "lft": 1,
    "name": "ГК “Фонд содействия реформированию ЖКХ”",
    "office": null,
    "parent": null,
    "region": null,
    "rght": 2,
    "tree_id": 4
  },
  {
    "id": 1883,
    "level": 0,
    "lft": 1,
    "name": "группа влияния Виктора Вексельберга",
    "office": null,
    "parent": null,
    "region": null,
    "rght": 2,
    "tree_id": 5
  },
  {
    "id": 2015,
    "level": 0,
    "lft": 1,
    "name": "группа компаний “КСМ”",
    "office": null,
    "parent": null,
    "region": null,
    "rght": 4,
    "tree_id": 6
  },
  {
    "id": 2016,
    "level": 1,
    "lft": 2,
    "name": " “КСМ”",
    "office": null,
    "parent": 2015,
    "region": null,
    "rght": 3,
    "tree_id": 6
  },
  {
    "id": 1805,
    "level": 0,
    "lft": 1,
    "name": "ДОССАФ",
    "office": null,
    "parent": null,
    "region": null,
    "rght": 2,
    "tree_id": 7
  },
  {
    "id": 1828,
    "level": 0,
    "lft": 1,
    "name": "ЗАО “Национальная медиа группа”",
    "office": null,
    "parent": null,
    "region": null,
    "rght": 2,
    "tree_id": 8
  },
  {
    "id": 1907,
    "level": 0,
    "lft": 1,
    "name": "защита бизнеса",
    "office": null,
    "parent": null,
    "region": null,
    "rght": 2,
    "tree_id": 9
  },
  {
    "id": 1873,
    "level": 0,
    "lft": 1,
    "name": "иностранное лобби",
    "office": null,
    "parent": null,
    "region": null,
    "rght": 8,
    "tree_id": 10
  },
  {
    "id": 1874,
    "level": 1,
    "lft": 2,
    "name": "Белоруссия",
    "office": null,
    "parent": 1873,
    "region": null,
    "rght": 3,
    "tree_id": 10
  },
  {
    "id": 2059,
    "level": 1,
    "lft": 4,
    "name": "немецкий концерн Bayer",
    "office": null,
    "parent": 1873,
    "region": null,
    "rght": 5,
    "tree_id": 10
  },
  {
    "id": 1955,
    "level": 1,
    "lft": 6,
    "name": "Республика Узбекистан ??",
    "office": null,
    "parent": 1873,
    "region": null,
    "rght": 7,
    "tree_id": 10
  },
  {
    "id": 1823,
    "level": 0,
    "lft": 1,
    "name": "личные бизнес-лобби",
    "office": null,
    "parent": null,
    "region": null,
    "rght": 2,
    "tree_id": 11
  },
  {
    "id": 1860,
    "level": 0,
    "lft": 1,
    "name": "Московская конфедерация промышленников и предпринимателей",
    "office": null,
    "parent": null,
    "region": null,
    "rght": 2,
    "tree_id": 12
  },
  {
    "id": 1694,
    "level": 0,
    "lft": 1,
    "name": "Не выявлено",
    "office": null,
    "parent": null,
    "region": null,
    "rght": 2,
    "tree_id": 13
  },
  {
    "id": 1785,
    "level": 0,
    "lft": 1,
    "name": "не выявлены",
    "office": null,
    "parent": null,
    "region": null,
    "rght": 2,
    "tree_id": 14
  },
  {
    "id": 1746,
    "level": 0,
    "lft": 1,
    "name": "НК “Лукойл”",
    "office": null,
    "parent": null,
    "region": null,
    "rght": 2,
    "tree_id": 15
  },
  {
    "id": 1894,
    "level": 0,
    "lft": 1,
    "name": "НОПРИЗ",
    "office": null,
    "parent": null,
    "region": null,
    "rght": 2,
    "tree_id": 16
  },
  {
    "id": 1716,
    "level": 0,
    "lft": 1,
    "name": "общественно-политическое лобби",
    "office": null,
    "parent": null,
    "region": null,
    "rght": 32,
    "tree_id": 17
  },
  {
    "id": 1719,
    "level": 1,
    "lft": 2,
    "name": "гражданские инициативы",
    "office": null,
    "parent": 1716,
    "region": null,
    "rght": 17,
    "tree_id": 17
  },
  {
    "id": 1756,
    "level": 2,
    "lft": 3,
    "name": "автомобилисты",
    "office": null,
    "parent": 1719,
    "region": null,
    "rght": 4,
    "tree_id": 17
  },
  {
    "id": 1729,
    "level": 2,
    "lft": 5,
    "name": "Автомобилисты, ФАР",
    "office": null,
    "parent": 1719,
    "region": null,
    "rght": 6,
    "tree_id": 17
  },
  {
    "id": 1809,
    "level": 2,
    "lft": 7,
    "name": "НКО",
    "office": null,
    "parent": 1719,
    "region": null,
    "rght": 8,
    "tree_id": 17
  },
  {
    "id": 1720,
    "level": 2,
    "lft": 9,
    "name": "НКО (благотворительные организации)",
    "office": null,
    "parent": 1719,
    "region": null,
    "rght": 10,
    "tree_id": 17
  },
  {
    "id": 1871,
    "level": 2,
    "lft": 11,
    "name": "НКО (зоозащитники)",
    "office": null,
    "parent": 1719,
    "region": null,
    "rght": 12,
    "tree_id": 17
  },
  {
    "id": 1757,
    "level": 2,
    "lft": 13,
    "name": "НКО (инвалиды)",
    "office": null,
    "parent": 1719,
    "region": null,
    "rght": 14,
    "tree_id": 17
  },
  {
    "id": 1952,
    "level": 2,
    "lft": 15,
    "name": "ОНФ",
    "office": null,
    "parent": 1719,
    "region": null,
    "rght": 16,
    "tree_id": 17
  },
  {
    "id": 1739,
    "level": 1,
    "lft": 18,
    "name": "конфессиональное лобби",
    "office": null,
    "parent": 1716,
    "region": null,
    "rght": 23,
    "tree_id": 17
  },
  {
    "id": 2071,
    "level": 2,
    "lft": 19,
    "name": "Ислам",
    "office": null,
    "parent": 1739,
    "region": null,
    "rght": 20,
    "tree_id": 17
  },
  {
    "id": 1740,
    "level": 2,
    "lft": 21,
    "name": "РПЦ",
    "office": null,
    "parent": 1739,
    "region": null,
    "rght": 22,
    "tree_id": 17
  },
  {
    "id": 1717,
    "level": 1,
    "lft": 24,
    "name": "профсоюзное лобби",
    "office": null,
    "parent": 1716,
    "region": null,
    "rght": 27,
    "tree_id": 17
  },
  {
    "id": 1910,
    "level": 2,
    "lft": 25,
    "name": "МОООП",
    "office": null,
    "parent": 1717,
    "region": null,
    "rght": 26,
    "tree_id": 17
  },
  {
    "id": 1811,
    "level": 1,
    "lft": 28,
    "name": "экологическое лобби",
    "office": null,
    "parent": 1716,
    "region": null,
    "rght": 29,
    "tree_id": 17
  },
  {
    "id": 2054,
    "level": 1,
    "lft": 30,
    "name": "экологическое лобби, ОНФ",
    "office": null,
    "parent": 1716,
    "region": null,
    "rght": 31,
    "tree_id": 17
  },
  {
    "id": 1904,
    "level": 0,
    "lft": 1,
    "name": "общественное-политическое лобби",
    "office": null,
    "parent": null,
    "region": null,
    "rght": 6,
    "tree_id": 18
  },
  {
    "id": 1905,
    "level": 1,
    "lft": 2,
    "name": "конфессиональное лобби",
    "office": null,
    "parent": 1904,
    "region": null,
    "rght": 5,
    "tree_id": 18
  },
  {
    "id": 1906,
    "level": 2,
    "lft": 3,
    "name": "РПЦ",
    "office": null,
    "parent": 1905,
    "region": null,
    "rght": 4,
    "tree_id": 18
  },
  {
    "id": 1697,
    "level": 0,
    "lft": 1,
    "name": "отраслевое лобби",
    "office": null,
    "parent": null,
    "region": null,
    "rght": 346,
    "tree_id": 19
  },
  {
    "id": 2058,
    "level": 1,
    "lft": 2,
    "name": " культура, искусство, индустрия развлечения",
    "office": null,
    "parent": 1697,
    "region": null,
    "rght": 3,
    "tree_id": 19
  },
  {
    "id": 2028,
    "level": 1,
    "lft": 4,
    "name": "алкогольное лобби",
    "office": null,
    "parent": 1697,
    "region": null,
    "rght": 7,
    "tree_id": 19
  },
  {
    "id": 2029,
    "level": 2,
    "lft": 5,
    "name": "виноделие",
    "office": null,
    "parent": 2028,
    "region": null,
    "rght": 6,
    "tree_id": 19
  },
  {
    "id": 1765,
    "level": 1,
    "lft": 8,
    "name": "алкогольное лобби (виноделие)",
    "office": null,
    "parent": 1697,
    "region": null,
    "rght": 9,
    "tree_id": 19
  },
  {
    "id": 1829,
    "level": 1,
    "lft": 10,
    "name": "атомная промышленность",
    "office": null,
    "parent": 1697,
    "region": null,
    "rght": 13,
    "tree_id": 19
  },
  {
    "id": 1947,
    "level": 2,
    "lft": 11,
    "name": "ГК Росатом",
    "office": null,
    "parent": 1829,
    "region": null,
    "rght": 12,
    "tree_id": 19
  },
  {
    "id": 1703,
    "level": 1,
    "lft": 14,
    "name": "геология и разведка недр",
    "office": null,
    "parent": 1697,
    "region": null,
    "rght": 17,
    "tree_id": 19
  },
  {
    "id": 1964,
    "level": 2,
    "lft": 15,
    "name": "Евраз Групп",
    "office": null,
    "parent": 1703,
    "region": null,
    "rght": 16,
    "tree_id": 19
  },
  {
    "id": 1884,
    "level": 1,
    "lft": 18,
    "name": "геология и разведка недр (золотодобывающая промышленность)",
    "office": null,
    "parent": 1697,
    "region": null,
    "rght": 19,
    "tree_id": 19
  },
  {
    "id": 1758,
    "level": 1,
    "lft": 20,
    "name": "государственное управление",
    "office": null,
    "parent": 1697,
    "region": null,
    "rght": 35,
    "tree_id": 19
  },
  {
    "id": 2065,
    "level": 2,
    "lft": 21,
    "name": "адвокаты",
    "office": null,
    "parent": 1758,
    "region": null,
    "rght": 22,
    "tree_id": 19
  },
  {
    "id": 1759,
    "level": 2,
    "lft": 23,
    "name": "госзакупки",
    "office": null,
    "parent": 1758,
    "region": null,
    "rght": 24,
    "tree_id": 19
  },
  {
    "id": 1788,
    "level": 2,
    "lft": 25,
    "name": "муниципальное управление",
    "office": null,
    "parent": 1758,
    "region": null,
    "rght": 26,
    "tree_id": 19
  },
  {
    "id": 1867,
    "level": 2,
    "lft": 27,
    "name": "нотариусы",
    "office": null,
    "parent": 1758,
    "region": null,
    "rght": 28,
    "tree_id": 19
  },
  {
    "id": 1972,
    "level": 2,
    "lft": 29,
    "name": "оценщики",
    "office": null,
    "parent": 1758,
    "region": null,
    "rght": 30,
    "tree_id": 19
  },
  {
    "id": 1878,
    "level": 2,
    "lft": 31,
    "name": "суды",
    "office": null,
    "parent": 1758,
    "region": null,
    "rght": 32,
    "tree_id": 19
  },
  {
    "id": 1847,
    "level": 2,
    "lft": 33,
    "name": "ФССП, следственные органы, суды, нотариат",
    "office": null,
    "parent": 1758,
    "region": null,
    "rght": 34,
    "tree_id": 19
  },
  {
    "id": 1814,
    "level": 1,
    "lft": 36,
    "name": "деревообрабатывающая и целлюлозно-бумажная промышленность",
    "office": null,
    "parent": 1697,
    "region": null,
    "rght": 41,
    "tree_id": 19
  },
  {
    "id": 1984,
    "level": 2,
    "lft": 37,
    "name": "АО “СОЛИКАМСКБУМПРОМ”",
    "office": null,
    "parent": 1814,
    "region": null,
    "rght": 38,
    "tree_id": 19
  },
  {
    "id": 1815,
    "level": 2,
    "lft": 39,
    "name": "Пермский домостроительный комбинат",
    "office": null,
    "parent": 1814,
    "region": null,
    "rght": 40,
    "tree_id": 19
  },
  {
    "id": 1795,
    "level": 1,
    "lft": 42,
    "name": "жилищно-коммунальное хозяйство",
    "office": null,
    "parent": 1697,
    "region": null,
    "rght": 43,
    "tree_id": 19
  },
  {
    "id": 1773,
    "level": 1,
    "lft": 44,
    "name": "ЖКХ",
    "office": null,
    "parent": 1697,
    "region": null,
    "rght": 45,
    "tree_id": 19
  },
  {
    "id": 1881,
    "level": 1,
    "lft": 46,
    "name": "здравоохранение, спорт туризм",
    "office": null,
    "parent": 1697,
    "region": null,
    "rght": 49,
    "tree_id": 19
  },
  {
    "id": 1882,
    "level": 2,
    "lft": 47,
    "name": "туризм",
    "office": null,
    "parent": 1881,
    "region": null,
    "rght": 48,
    "tree_id": 19
  },
  {
    "id": 1749,
    "level": 1,
    "lft": 50,
    "name": "здравоохранение, спорт, туризм",
    "office": null,
    "parent": 1697,
    "region": null,
    "rght": 59,
    "tree_id": 19
  },
  {
    "id": 1908,
    "level": 2,
    "lft": 51,
    "name": "здравоохранение и туризм",
    "office": null,
    "parent": 1749,
    "region": null,
    "rght": 52,
    "tree_id": 19
  },
  {
    "id": 1750,
    "level": 2,
    "lft": 53,
    "name": "спорт",
    "office": null,
    "parent": 1749,
    "region": null,
    "rght": 56,
    "tree_id": 19
  },
  {
    "id": 1846,
    "level": 3,
    "lft": 54,
    "name": "ХК Металлург",
    "office": null,
    "parent": 1750,
    "region": null,
    "rght": 55,
    "tree_id": 19
  },
  {
    "id": 1852,
    "level": 2,
    "lft": 57,
    "name": "туризм",
    "office": null,
    "parent": 1749,
    "region": null,
    "rght": 58,
    "tree_id": 19
  },
  {
    "id": 2057,
    "level": 1,
    "lft": 60,
    "name": "инвестиционная деятельность",
    "office": null,
    "parent": 1697,
    "region": null,
    "rght": 61,
    "tree_id": 19
  },
  {
    "id": 1824,
    "level": 1,
    "lft": 62,
    "name": "искусство, культура, индустрия развлечений",
    "office": null,
    "parent": 1697,
    "region": null,
    "rght": 63,
    "tree_id": 19
  },
  {
    "id": 1925,
    "level": 1,
    "lft": 64,
    "name": "космическая отрасль",
    "office": null,
    "parent": 1697,
    "region": null,
    "rght": 67,
    "tree_id": 19
  },
  {
    "id": 1926,
    "level": 2,
    "lft": 65,
    "name": "ОАО “ОРКК”",
    "office": null,
    "parent": 1925,
    "region": null,
    "rght": 66,
    "tree_id": 19
  },
  {
    "id": 1708,
    "level": 1,
    "lft": 68,
    "name": "культура, искусство, индустрия развлечений",
    "office": null,
    "parent": 1697,
    "region": null,
    "rght": 73,
    "tree_id": 19
  },
  {
    "id": 1959,
    "level": 2,
    "lft": 69,
    "name": "букмекеры",
    "office": null,
    "parent": 1708,
    "region": null,
    "rght": 70,
    "tree_id": 19
  },
  {
    "id": 1801,
    "level": 2,
    "lft": 71,
    "name": "ООО “Арт-Реставрация”",
    "office": null,
    "parent": 1708,
    "region": null,
    "rght": 72,
    "tree_id": 19
  },
  {
    "id": 1859,
    "level": 1,
    "lft": 74,
    "name": "культура, искусство, индустрия развлечений (игорное лобби)",
    "office": null,
    "parent": 1697,
    "region": null,
    "rght": 75,
    "tree_id": 19
  },
  {
    "id": 1949,
    "level": 1,
    "lft": 76,
    "name": "культура, искусство, индустрия развлечения",
    "office": null,
    "parent": 1697,
    "region": null,
    "rght": 79,
    "tree_id": 19
  },
  {
    "id": 2047,
    "level": 2,
    "lft": 77,
    "name": "Фонд кино",
    "office": null,
    "parent": 1949,
    "region": null,
    "rght": 78,
    "tree_id": 19
  },
  {
    "id": 2030,
    "level": 1,
    "lft": 80,
    "name": "легкая промышленность",
    "office": null,
    "parent": 1697,
    "region": null,
    "rght": 81,
    "tree_id": 19
  },
  {
    "id": 1939,
    "level": 1,
    "lft": 82,
    "name": "лесное и рыбное хозяйство",
    "office": null,
    "parent": 1697,
    "region": null,
    "rght": 83,
    "tree_id": 19
  },
  {
    "id": 1794,
    "level": 1,
    "lft": 84,
    "name": "лесное, рыбное хозяйство",
    "office": null,
    "parent": 1697,
    "region": null,
    "rght": 89,
    "tree_id": 19
  },
  {
    "id": 2039,
    "level": 2,
    "lft": 85,
    "name": "ПАО “Мурманский Траловый Флот”",
    "office": null,
    "parent": 1794,
    "region": null,
    "rght": 86,
    "tree_id": 19
  },
  {
    "id": 1817,
    "level": 2,
    "lft": 87,
    "name": "Русская рыбопромышленная компания",
    "office": null,
    "parent": 1794,
    "region": null,
    "rght": 88,
    "tree_id": 19
  },
  {
    "id": 1917,
    "level": 1,
    "lft": 90,
    "name": "лесное, рыбное хозяйство (охотоведы)",
    "office": null,
    "parent": 1697,
    "region": null,
    "rght": 91,
    "tree_id": 19
  },
  {
    "id": 1913,
    "level": 1,
    "lft": 92,
    "name": "машиностроение",
    "office": null,
    "parent": 1697,
    "region": null,
    "rght": 93,
    "tree_id": 19
  },
  {
    "id": 1709,
    "level": 1,
    "lft": 94,
    "name": "машиностроение, автомобилестроение",
    "office": null,
    "parent": 1697,
    "region": null,
    "rght": 105,
    "tree_id": 19
  },
  {
    "id": 2075,
    "level": 2,
    "lft": 95,
    "name": "авиастроительные предприятия Ростовской области)",
    "office": null,
    "parent": 1709,
    "region": null,
    "rght": 96,
    "tree_id": 19
  },
  {
    "id": 2073,
    "level": 2,
    "lft": 97,
    "name": "Мехмаш",
    "office": null,
    "parent": 1709,
    "region": null,
    "rght": 98,
    "tree_id": 19
  },
  {
    "id": 1743,
    "level": 2,
    "lft": 99,
    "name": "ОАО “Кировский завод”",
    "office": null,
    "parent": 1709,
    "region": null,
    "rght": 100,
    "tree_id": 19
  },
  {
    "id": 1783,
    "level": 2,
    "lft": 101,
    "name": "ПАО “Автоваз”",
    "office": null,
    "parent": 1709,
    "region": null,
    "rght": 102,
    "tree_id": 19
  },
  {
    "id": 1710,
    "level": 2,
    "lft": 103,
    "name": "ПАО “Объединенная авиастроительная корпорация”",
    "office": null,
    "parent": 1709,
    "region": null,
    "rght": 104,
    "tree_id": 19
  },
  {
    "id": 1713,
    "level": 1,
    "lft": 106,
    "name": "медицина и фармацевтика",
    "office": null,
    "parent": 1697,
    "region": null,
    "rght": 109,
    "tree_id": 19
  },
  {
    "id": 2001,
    "level": 2,
    "lft": 107,
    "name": "ООО “Завод Медсинтез”",
    "office": null,
    "parent": 1713,
    "region": null,
    "rght": 108,
    "tree_id": 19
  },
  {
    "id": 1768,
    "level": 1,
    "lft": 110,
    "name": "медицина и фармацевтика (иностранные компании)",
    "office": null,
    "parent": 1697,
    "region": null,
    "rght": 111,
    "tree_id": 19
  },
  {
    "id": 2079,
    "level": 1,
    "lft": 112,
    "name": "образование, наука и научное образование",
    "office": null,
    "parent": 1697,
    "region": null,
    "rght": 113,
    "tree_id": 19
  },
  {
    "id": 1970,
    "level": 1,
    "lft": 114,
    "name": "образование, наука и научное обслуживание",
    "office": null,
    "parent": 1697,
    "region": null,
    "rght": 115,
    "tree_id": 19
  },
  {
    "id": 1698,
    "level": 1,
    "lft": 116,
    "name": "пищевая промышленность",
    "office": null,
    "parent": 1697,
    "region": null,
    "rght": 141,
    "tree_id": 19
  },
  {
    "id": 1715,
    "level": 2,
    "lft": 117,
    "name": "алкогольное лобби",
    "office": null,
    "parent": 1698,
    "region": null,
    "rght": 124,
    "tree_id": 19
  },
  {
    "id": 1837,
    "level": 3,
    "lft": 118,
    "name": "Алкогольная сибирская группа",
    "office": null,
    "parent": 1715,
    "region": null,
    "rght": 119,
    "tree_id": 19
  },
  {
    "id": 1825,
    "level": 3,
    "lft": 120,
    "name": "виноделие",
    "office": null,
    "parent": 1715,
    "region": null,
    "rght": 121,
    "tree_id": 19
  },
  {
    "id": 1733,
    "level": 3,
    "lft": 122,
    "name": "пивное лобби",
    "office": null,
    "parent": 1715,
    "region": null,
    "rght": 123,
    "tree_id": 19
  },
  {
    "id": 1857,
    "level": 2,
    "lft": 125,
    "name": "алкогольное лобби (виноделие)",
    "office": null,
    "parent": 1698,
    "region": null,
    "rght": 126,
    "tree_id": 19
  },
  {
    "id": 1877,
    "level": 2,
    "lft": 127,
    "name": "алкогольное лобби (пивники и виноделы)",
    "office": null,
    "parent": 1698,
    "region": null,
    "rght": 128,
    "tree_id": 19
  },
  {
    "id": 2018,
    "level": 2,
    "lft": 129,
    "name": "алкогольное лобби (пиво)",
    "office": null,
    "parent": 1698,
    "region": null,
    "rght": 130,
    "tree_id": 19
  },
  {
    "id": 2034,
    "level": 2,
    "lft": 131,
    "name": "алкогольное лобби (пивовары)",
    "office": null,
    "parent": 1698,
    "region": null,
    "rght": 132,
    "tree_id": 19
  },
  {
    "id": 2021,
    "level": 2,
    "lft": 133,
    "name": "алкогольное лобби (производители-экспортеры пива)",
    "office": null,
    "parent": 1698,
    "region": null,
    "rght": 134,
    "tree_id": 19
  },
  {
    "id": 1865,
    "level": 2,
    "lft": 135,
    "name": "антиалкогольное лобби",
    "office": null,
    "parent": 1698,
    "region": null,
    "rght": 136,
    "tree_id": 19
  },
  {
    "id": 1699,
    "level": 2,
    "lft": 137,
    "name": "табачное лобби",
    "office": null,
    "parent": 1698,
    "region": null,
    "rght": 138,
    "tree_id": 19
  },
  {
    "id": 1909,
    "level": 2,
    "lft": 139,
    "name": "“Русский холод”",
    "office": null,
    "parent": 1698,
    "region": null,
    "rght": 140,
    "tree_id": 19
  },
  {
    "id": 1942,
    "level": 1,
    "lft": 142,
    "name": "промышленность строительных материалов",
    "office": null,
    "parent": 1697,
    "region": null,
    "rght": 143,
    "tree_id": 19
  },
  {
    "id": 1793,
    "level": 1,
    "lft": 144,
    "name": "ритейл",
    "office": null,
    "parent": 1697,
    "region": null,
    "rght": 149,
    "tree_id": 19
  },
  {
    "id": 2002,
    "level": 2,
    "lft": 145,
    "name": "Ариант",
    "office": null,
    "parent": 1793,
    "region": null,
    "rght": 146,
    "tree_id": 19
  },
  {
    "id": 2035,
    "level": 2,
    "lft": 147,
    "name": "“Эдельвейс групп”",
    "office": null,
    "parent": 1793,
    "region": null,
    "rght": 148,
    "tree_id": 19
  },
  {
    "id": 1730,
    "level": 1,
    "lft": 150,
    "name": "сельское хозяйство",
    "office": null,
    "parent": 1697,
    "region": null,
    "rght": 185,
    "tree_id": 19
  },
  {
    "id": 1816,
    "level": 2,
    "lft": 151,
    "name": "Агрохолдинг “Звениговский”",
    "office": null,
    "parent": 1730,
    "region": null,
    "rght": 152,
    "tree_id": 19
  },
  {
    "id": 1924,
    "level": 2,
    "lft": 153,
    "name": "агрохолдинг “Кубань”",
    "office": null,
    "parent": 1730,
    "region": null,
    "rght": 154,
    "tree_id": 19
  },
  {
    "id": 1927,
    "level": 2,
    "lft": 155,
    "name": "АО Молвест",
    "office": null,
    "parent": 1730,
    "region": null,
    "rght": 156,
    "tree_id": 19
  },
  {
    "id": 2011,
    "level": 2,
    "lft": 157,
    "name": "АО “Новосибирская птицефабрика”",
    "office": null,
    "parent": 1730,
    "region": null,
    "rght": 158,
    "tree_id": 19
  },
  {
    "id": 1937,
    "level": 2,
    "lft": 159,
    "name": "ГК “Продимекс”",
    "office": null,
    "parent": 1730,
    "region": null,
    "rght": 160,
    "tree_id": 19
  },
  {
    "id": 1996,
    "level": 2,
    "lft": 161,
    "name": "ГК “Увелка”, ГК “Здоровая ферма”",
    "office": null,
    "parent": 1730,
    "region": null,
    "rght": 162,
    "tree_id": 19
  },
  {
    "id": 2038,
    "level": 2,
    "lft": 163,
    "name": "группа компаний Юг Руси",
    "office": null,
    "parent": 1730,
    "region": null,
    "rght": 164,
    "tree_id": 19
  },
  {
    "id": 1953,
    "level": 2,
    "lft": 165,
    "name": "ЗАО “Агрокомплекс”",
    "office": null,
    "parent": 1730,
    "region": null,
    "rght": 166,
    "tree_id": 19
  },
  {
    "id": 2050,
    "level": 2,
    "lft": 167,
    "name": "Мясокомбинат “Велес”",
    "office": null,
    "parent": 1730,
    "region": null,
    "rght": 168,
    "tree_id": 19
  },
  {
    "id": 2051,
    "level": 2,
    "lft": 169,
    "name": "ОАО Ядринмолоко",
    "office": null,
    "parent": 1730,
    "region": null,
    "rght": 170,
    "tree_id": 19
  },
  {
    "id": 2027,
    "level": 2,
    "lft": 171,
    "name": "ООО Фирма “Калория”",
    "office": null,
    "parent": 1730,
    "region": null,
    "rght": 172,
    "tree_id": 19
  },
  {
    "id": 1808,
    "level": 2,
    "lft": 173,
    "name": "Ростсельмаш, Константин Бабкин",
    "office": null,
    "parent": 1730,
    "region": null,
    "rght": 174,
    "tree_id": 19
  },
  {
    "id": 2004,
    "level": 2,
    "lft": 175,
    "name": "ФосАгро",
    "office": null,
    "parent": 1730,
    "region": null,
    "rght": 176,
    "tree_id": 19
  },
  {
    "id": 1935,
    "level": 2,
    "lft": 177,
    "name": "холдинг Агросила",
    "office": null,
    "parent": 1730,
    "region": null,
    "rght": 178,
    "tree_id": 19
  },
  {
    "id": 1895,
    "level": 2,
    "lft": 179,
    "name": "холдинг “Адучи”",
    "office": null,
    "parent": 1730,
    "region": null,
    "rght": 180,
    "tree_id": 19
  },
  {
    "id": 2033,
    "level": 2,
    "lft": 181,
    "name": "Холдинг “Красный Восток Агро”",
    "office": null,
    "parent": 1730,
    "region": null,
    "rght": 182,
    "tree_id": 19
  },
  {
    "id": 1973,
    "level": 2,
    "lft": 183,
    "name": "холдинг “Макфа”",
    "office": null,
    "parent": 1730,
    "region": null,
    "rght": 184,
    "tree_id": 19
  },
  {
    "id": 1914,
    "level": 1,
    "lft": 186,
    "name": "сельское хозяйство аграрное лобби",
    "office": null,
    "parent": 1697,
    "region": null,
    "rght": 187,
    "tree_id": 19
  },
  {
    "id": 1880,
    "level": 1,
    "lft": 188,
    "name": "стекольная и фарфоро-фаянсовая промышленность",
    "office": null,
    "parent": 1697,
    "region": null,
    "rght": 189,
    "tree_id": 19
  },
  {
    "id": 1798,
    "level": 1,
    "lft": 190,
    "name": "строительство",
    "office": null,
    "parent": 1697,
    "region": null,
    "rght": 193,
    "tree_id": 19
  },
  {
    "id": 1799,
    "level": 2,
    "lft": 191,
    "name": "производители стройматериалов",
    "office": null,
    "parent": 1798,
    "region": null,
    "rght": 192,
    "tree_id": 19
  },
  {
    "id": 1858,
    "level": 1,
    "lft": 194,
    "name": "строительство девелопмент",
    "office": null,
    "parent": 1697,
    "region": null,
    "rght": 195,
    "tree_id": 19
  },
  {
    "id": 1789,
    "level": 1,
    "lft": 196,
    "name": "строительство и девелопмент",
    "office": null,
    "parent": 1697,
    "region": null,
    "rght": 197,
    "tree_id": 19
  },
  {
    "id": 1723,
    "level": 1,
    "lft": 198,
    "name": "строительство, девелопмент",
    "office": null,
    "parent": 1697,
    "region": null,
    "rght": 213,
    "tree_id": 19
  },
  {
    "id": 2066,
    "level": 2,
    "lft": 199,
    "name": "ГК Адамант",
    "office": null,
    "parent": 1723,
    "region": null,
    "rght": 200,
    "tree_id": 19
  },
  {
    "id": 2077,
    "level": 2,
    "lft": 201,
    "name": "ГК Донстрой",
    "office": null,
    "parent": 1723,
    "region": null,
    "rght": 202,
    "tree_id": 19
  },
  {
    "id": 1997,
    "level": 2,
    "lft": 203,
    "name": "ГК “Компаньон”",
    "office": null,
    "parent": 1723,
    "region": null,
    "rght": 204,
    "tree_id": 19
  },
  {
    "id": 1976,
    "level": 2,
    "lft": 205,
    "name": "ГК “Труд”",
    "office": null,
    "parent": 1723,
    "region": null,
    "rght": 206,
    "tree_id": 19
  },
  {
    "id": 1993,
    "level": 2,
    "lft": 207,
    "name": "ООО ИПК “Константа Капитал”",
    "office": null,
    "parent": 1723,
    "region": null,
    "rght": 208,
    "tree_id": 19
  },
  {
    "id": 2010,
    "level": 2,
    "lft": 209,
    "name": "ООО “Энергомонтаж”",
    "office": null,
    "parent": 1723,
    "region": null,
    "rght": 210,
    "tree_id": 19
  },
  {
    "id": 1965,
    "level": 2,
    "lft": 211,
    "name": "Холдинг ЦДС",
    "office": null,
    "parent": 1723,
    "region": null,
    "rght": 212,
    "tree_id": 19
  },
  {
    "id": 1974,
    "level": 1,
    "lft": 214,
    "name": "сфера ЖКХ",
    "office": null,
    "parent": 1697,
    "region": null,
    "rght": 215,
    "tree_id": 19
  },
  {
    "id": 1902,
    "level": 1,
    "lft": 216,
    "name": "сфера услуг",
    "office": null,
    "parent": 1697,
    "region": null,
    "rght": 219,
    "tree_id": 19
  },
  {
    "id": 1903,
    "level": 2,
    "lft": 217,
    "name": "реклама",
    "office": null,
    "parent": 1902,
    "region": null,
    "rght": 218,
    "tree_id": 19
  },
  {
    "id": 1864,
    "level": 1,
    "lft": 220,
    "name": "сфера услуг (ресторация)",
    "office": null,
    "parent": 1697,
    "region": null,
    "rght": 221,
    "tree_id": 19
  },
  {
    "id": 1971,
    "level": 1,
    "lft": 222,
    "name": "сфера услуг (ЧОПы)",
    "office": null,
    "parent": 1697,
    "region": null,
    "rght": 223,
    "tree_id": 19
  },
  {
    "id": 1732,
    "level": 1,
    "lft": 224,
    "name": "телекоммуникации, IT",
    "office": null,
    "parent": 1697,
    "region": null,
    "rght": 227,
    "tree_id": 19
  },
  {
    "id": 1981,
    "level": 2,
    "lft": 225,
    "name": "МЭТТЭМ",
    "office": null,
    "parent": 1732,
    "region": null,
    "rght": 226,
    "tree_id": 19
  },
  {
    "id": 1960,
    "level": 1,
    "lft": 228,
    "name": "телекоммуникация, IT",
    "office": null,
    "parent": 1697,
    "region": null,
    "rght": 231,
    "tree_id": 19
  },
  {
    "id": 1961,
    "level": 2,
    "lft": 229,
    "name": " ПАО Ростелеком",
    "office": null,
    "parent": 1960,
    "region": null,
    "rght": 230,
    "tree_id": 19
  },
  {
    "id": 1727,
    "level": 1,
    "lft": 232,
    "name": "топливная промышленность",
    "office": null,
    "parent": 1697,
    "region": null,
    "rght": 253,
    "tree_id": 19
  },
  {
    "id": 1728,
    "level": 2,
    "lft": 233,
    "name": "Газпром, Транснефть",
    "office": null,
    "parent": 1727,
    "region": null,
    "rght": 234,
    "tree_id": 19
  },
  {
    "id": 1745,
    "level": 2,
    "lft": 235,
    "name": "Глобалстрой инжиниринг, Лукойл, Интегра",
    "office": null,
    "parent": 1727,
    "region": null,
    "rght": 236,
    "tree_id": 19
  },
  {
    "id": 2082,
    "level": 2,
    "lft": 237,
    "name": "Лукойл, Башнефть",
    "office": null,
    "parent": 1727,
    "region": null,
    "rght": 238,
    "tree_id": 19
  },
  {
    "id": 1899,
    "level": 2,
    "lft": 239,
    "name": "Лукойл, Роснефть",
    "office": null,
    "parent": 1727,
    "region": null,
    "rght": 240,
    "tree_id": 19
  },
  {
    "id": 1991,
    "level": 2,
    "lft": 241,
    "name": "Новатэк, Г.Тимченко",
    "office": null,
    "parent": 1727,
    "region": null,
    "rght": 242,
    "tree_id": 19
  },
  {
    "id": 1966,
    "level": 2,
    "lft": 243,
    "name": "Новатэк, Л. Михельсон, Г. Тимченко",
    "office": null,
    "parent": 1727,
    "region": null,
    "rght": 244,
    "tree_id": 19
  },
  {
    "id": 1994,
    "level": 2,
    "lft": 245,
    "name": "ПАО Газпром",
    "office": null,
    "parent": 1727,
    "region": null,
    "rght": 246,
    "tree_id": 19
  },
  {
    "id": 1900,
    "level": 2,
    "lft": 247,
    "name": "ПАО Газпром, Газпром бурение",
    "office": null,
    "parent": 1727,
    "region": null,
    "rght": 248,
    "tree_id": 19
  },
  {
    "id": 1818,
    "level": 2,
    "lft": 249,
    "name": "ПАО НК Лукойл",
    "office": null,
    "parent": 1727,
    "region": null,
    "rght": 250,
    "tree_id": 19
  },
  {
    "id": 2000,
    "level": 2,
    "lft": 251,
    "name": "Татнефть",
    "office": null,
    "parent": 1727,
    "region": null,
    "rght": 252,
    "tree_id": 19
  },
  {
    "id": 1724,
    "level": 1,
    "lft": 254,
    "name": "транспорт и связь",
    "office": null,
    "parent": 1697,
    "region": null,
    "rght": 271,
    "tree_id": 19
  },
  {
    "id": 1951,
    "level": 2,
    "lft": 255,
    "name": "СМИ",
    "office": null,
    "parent": 1724,
    "region": null,
    "rght": 256,
    "tree_id": 19
  },
  {
    "id": 1725,
    "level": 2,
    "lft": 257,
    "name": "транспорт",
    "office": null,
    "parent": 1724,
    "region": null,
    "rght": 266,
    "tree_id": 19
  },
  {
    "id": 1848,
    "level": 3,
    "lft": 258,
    "name": "авиаперевозчики",
    "office": null,
    "parent": 1725,
    "region": null,
    "rght": 259,
    "tree_id": 19
  },
  {
    "id": 1978,
    "level": 3,
    "lft": 260,
    "name": "Автоваз, такси",
    "office": null,
    "parent": 1725,
    "region": null,
    "rght": 261,
    "tree_id": 19
  },
  {
    "id": 1979,
    "level": 3,
    "lft": 262,
    "name": "ОАО РЖД",
    "office": null,
    "parent": 1725,
    "region": null,
    "rght": 263,
    "tree_id": 19
  },
  {
    "id": 1726,
    "level": 3,
    "lft": 264,
    "name": "Росавтодор",
    "office": null,
    "parent": 1725,
    "region": null,
    "rght": 265,
    "tree_id": 19
  },
  {
    "id": 1985,
    "level": 2,
    "lft": 267,
    "name": "транспорт (таксисты)",
    "office": null,
    "parent": 1724,
    "region": null,
    "rght": 268,
    "tree_id": 19
  },
  {
    "id": 2044,
    "level": 2,
    "lft": 269,
    "name": "транспорт (таксомоторные организации)",
    "office": null,
    "parent": 1724,
    "region": null,
    "rght": 270,
    "tree_id": 19
  },
  {
    "id": 1737,
    "level": 1,
    "lft": 272,
    "name": "транспорт, связь",
    "office": null,
    "parent": 1697,
    "region": null,
    "rght": 275,
    "tree_id": 19
  },
  {
    "id": 1738,
    "level": 2,
    "lft": 273,
    "name": "СМИ",
    "office": null,
    "parent": 1737,
    "region": null,
    "rght": 274,
    "tree_id": 19
  },
  {
    "id": 1711,
    "level": 1,
    "lft": 276,
    "name": "финансы, банки, страхование пенсионное обеспечение",
    "office": null,
    "parent": 1697,
    "region": null,
    "rght": 279,
    "tree_id": 19
  },
  {
    "id": 1712,
    "level": 2,
    "lft": 277,
    "name": "финансы, банки",
    "office": null,
    "parent": 1711,
    "region": null,
    "rght": 278,
    "tree_id": 19
  },
  {
    "id": 1770,
    "level": 1,
    "lft": 280,
    "name": "финансы, банки, страхование, пенсионное обеспечение",
    "office": null,
    "parent": 1697,
    "region": null,
    "rght": 283,
    "tree_id": 19
  },
  {
    "id": 1771,
    "level": 2,
    "lft": 281,
    "name": "финансы, банки",
    "office": null,
    "parent": 1770,
    "region": null,
    "rght": 282,
    "tree_id": 19
  },
  {
    "id": 1721,
    "level": 1,
    "lft": 284,
    "name": "финансы, банки, страхование, пенсионное обслуживание",
    "office": null,
    "parent": 1697,
    "region": null,
    "rght": 293,
    "tree_id": 19
  },
  {
    "id": 1780,
    "level": 2,
    "lft": 285,
    "name": "пенсионное обслуживание",
    "office": null,
    "parent": 1721,
    "region": null,
    "rght": 286,
    "tree_id": 19
  },
  {
    "id": 1731,
    "level": 2,
    "lft": 287,
    "name": "страхование",
    "office": null,
    "parent": 1721,
    "region": null,
    "rght": 288,
    "tree_id": 19
  },
  {
    "id": 1722,
    "level": 2,
    "lft": 289,
    "name": "финансы, банки",
    "office": null,
    "parent": 1721,
    "region": null,
    "rght": 292,
    "tree_id": 19
  },
  {
    "id": 1940,
    "level": 3,
    "lft": 290,
    "name": "Газпромбанк",
    "office": null,
    "parent": 1722,
    "region": null,
    "rght": 291,
    "tree_id": 19
  },
  {
    "id": 1934,
    "level": 1,
    "lft": 294,
    "name": "химическая и нефтехимическая отрасль",
    "office": null,
    "parent": 1697,
    "region": null,
    "rght": 295,
    "tree_id": 19
  },
  {
    "id": 1790,
    "level": 1,
    "lft": 296,
    "name": "химическая и нефтехимическая промышленность",
    "office": null,
    "parent": 1697,
    "region": null,
    "rght": 305,
    "tree_id": 19
  },
  {
    "id": 1975,
    "level": 2,
    "lft": 297,
    "name": "ГК “ТАУ”",
    "office": null,
    "parent": 1790,
    "region": null,
    "rght": 298,
    "tree_id": 19
  },
  {
    "id": 1791,
    "level": 2,
    "lft": 299,
    "name": "Ижевский завод пластмасс",
    "office": null,
    "parent": 1790,
    "region": null,
    "rght": 300,
    "tree_id": 19
  },
  {
    "id": 1849,
    "level": 2,
    "lft": 301,
    "name": "ОАО Щекиноазот",
    "office": null,
    "parent": 1790,
    "region": null,
    "rght": 302,
    "tree_id": 19
  },
  {
    "id": 2049,
    "level": 2,
    "lft": 303,
    "name": "Уралхим",
    "office": null,
    "parent": 1790,
    "region": null,
    "rght": 304,
    "tree_id": 19
  },
  {
    "id": 1821,
    "level": 1,
    "lft": 306,
    "name": "цветная, черная металлургия, металлообработка",
    "office": null,
    "parent": 1697,
    "region": null,
    "rght": 311,
    "tree_id": 19
  },
  {
    "id": 1963,
    "level": 2,
    "lft": 307,
    "name": "Евраз Групп",
    "office": null,
    "parent": 1821,
    "region": null,
    "rght": 308,
    "tree_id": 19
  },
  {
    "id": 2076,
    "level": 2,
    "lft": 309,
    "name": "УГМК",
    "office": null,
    "parent": 1821,
    "region": null,
    "rght": 310,
    "tree_id": 19
  },
  {
    "id": 1826,
    "level": 1,
    "lft": 312,
    "name": "черная и цветная металлургия, металлообработка",
    "office": null,
    "parent": 1697,
    "region": null,
    "rght": 315,
    "tree_id": 19
  },
  {
    "id": 1827,
    "level": 2,
    "lft": 313,
    "name": "ПАО “Северсталь”",
    "office": null,
    "parent": 1826,
    "region": null,
    "rght": 314,
    "tree_id": 19
  },
  {
    "id": 2055,
    "level": 1,
    "lft": 316,
    "name": "черная, цветная металлургия металлообработка",
    "office": null,
    "parent": 1697,
    "region": null,
    "rght": 319,
    "tree_id": 19
  },
  {
    "id": 2056,
    "level": 2,
    "lft": 317,
    "name": "ПАО “Тулачермет”",
    "office": null,
    "parent": 2055,
    "region": null,
    "rght": 318,
    "tree_id": 19
  },
  {
    "id": 1701,
    "level": 1,
    "lft": 320,
    "name": "черная, цветная металлургия, металлообработка",
    "office": null,
    "parent": 1697,
    "region": null,
    "rght": 337,
    "tree_id": 19
  },
  {
    "id": 1702,
    "level": 2,
    "lft": 321,
    "name": "",
    "office": null,
    "parent": 1701,
    "region": null,
    "rght": 322,
    "tree_id": 19
  },
  {
    "id": 1872,
    "level": 2,
    "lft": 323,
    "name": "ОАО “Амурсталь”",
    "office": null,
    "parent": 1701,
    "region": null,
    "rght": 324,
    "tree_id": 19
  },
  {
    "id": 1748,
    "level": 2,
    "lft": 325,
    "name": "оружейное лобби",
    "office": null,
    "parent": 1701,
    "region": null,
    "rght": 326,
    "tree_id": 19
  },
  {
    "id": 1776,
    "level": 2,
    "lft": 327,
    "name": "промышленность драгоценных металлов и камней",
    "office": null,
    "parent": 1701,
    "region": null,
    "rght": 330,
    "tree_id": 19
  },
  {
    "id": 1777,
    "level": 3,
    "lft": 328,
    "name": "АК “Алроса” (алмазное лобби)",
    "office": null,
    "parent": 1776,
    "region": null,
    "rght": 329,
    "tree_id": 19
  },
  {
    "id": 2003,
    "level": 2,
    "lft": 331,
    "name": "Урало-Сибирская горно-металлургическая компания",
    "office": null,
    "parent": 1701,
    "region": null,
    "rght": 332,
    "tree_id": 19
  },
  {
    "id": 1938,
    "level": 2,
    "lft": 333,
    "name": "Уралтрубпром",
    "office": null,
    "parent": 1701,
    "region": null,
    "rght": 334,
    "tree_id": 19
  },
  {
    "id": 1893,
    "level": 2,
    "lft": 335,
    "name": "“Норильский никель”",
    "office": null,
    "parent": 1701,
    "region": null,
    "rght": 336,
    "tree_id": 19
  },
  {
    "id": 1753,
    "level": 1,
    "lft": 338,
    "name": "электроэнергетика",
    "office": null,
    "parent": 1697,
    "region": null,
    "rght": 345,
    "tree_id": 19
  },
  {
    "id": 1911,
    "level": 2,
    "lft": 339,
    "name": "ЗАО “Завод электротехнического оборудования”",
    "office": null,
    "parent": 1753,
    "region": null,
    "rght": 340,
    "tree_id": 19
  },
  {
    "id": 1962,
    "level": 2,
    "lft": 341,
    "name": "ПАО “МРСК Северо-Запада”",
    "office": null,
    "parent": 1753,
    "region": null,
    "rght": 342,
    "tree_id": 19
  },
  {
    "id": 1875,
    "level": 2,
    "lft": 343,
    "name": "“Корпорация Единый Электроэнергетический Комплекс”",
    "office": null,
    "parent": 1753,
    "region": null,
    "rght": 344,
    "tree_id": 19
  },
  {
    "id": 1918,
    "level": 0,
    "lft": 1,
    "name": "отраслевое лоббиа",
    "office": null,
    "parent": null,
    "region": null,
    "rght": 6,
    "tree_id": 20
  },
  {
    "id": 1919,
    "level": 1,
    "lft": 2,
    "name": "пищевая промышленность",
    "office": null,
    "parent": 1918,
    "region": null,
    "rght": 5,
    "tree_id": 20
  },
  {
    "id": 1920,
    "level": 2,
    "lft": 3,
    "name": "алкогольное лобби (виноделие)",
    "office": null,
    "parent": 1919,
    "region": null,
    "rght": 4,
    "tree_id": 20
  },
  {
    "id": 2074,
    "level": 0,
    "lft": 1,
    "name": "ПАО “Газпром”",
    "office": null,
    "parent": null,
    "region": null,
    "rght": 2,
    "tree_id": 21
  },
  {
    "id": 1695,
    "level": 0,
    "lft": 1,
    "name": "региональное лобби",
    "office": null,
    "parent": null,
    "region": null,
    "rght": 148,
    "tree_id": 22
  },
  {
    "id": 1950,
    "level": 1,
    "lft": 2,
    "name": "Алтайский край",
    "office": null,
    "parent": 1695,
    "region": null,
    "rght": 3,
    "tree_id": 22
  },
  {
    "id": 1792,
    "level": 1,
    "lft": 4,
    "name": "Архангельская область",
    "office": null,
    "parent": 1695,
    "region": null,
    "rght": 5,
    "tree_id": 22
  },
  {
    "id": 1797,
    "level": 1,
    "lft": 6,
    "name": "Астраханская область",
    "office": null,
    "parent": 1695,
    "region": null,
    "rght": 7,
    "tree_id": 22
  },
  {
    "id": 1772,
    "level": 1,
    "lft": 8,
    "name": "Башкортостан",
    "office": null,
    "parent": 1695,
    "region": null,
    "rght": 9,
    "tree_id": 22
  },
  {
    "id": 2083,
    "level": 1,
    "lft": 10,
    "name": "Башкортостан - вероятно он и сейчас представляет интересы главы республики, только уже другого",
    "office": null,
    "parent": 1695,
    "region": null,
    "rght": 11,
    "tree_id": 22
  },
  {
    "id": 1831,
    "level": 1,
    "lft": 12,
    "name": "Белгородская область",
    "office": null,
    "parent": 1695,
    "region": null,
    "rght": 13,
    "tree_id": 22
  },
  {
    "id": 1889,
    "level": 1,
    "lft": 14,
    "name": "Брянская область",
    "office": null,
    "parent": 1695,
    "region": null,
    "rght": 15,
    "tree_id": 22
  },
  {
    "id": 2062,
    "level": 1,
    "lft": 16,
    "name": "Волгоградская область",
    "office": null,
    "parent": 1695,
    "region": null,
    "rght": 17,
    "tree_id": 22
  },
  {
    "id": 1735,
    "level": 1,
    "lft": 18,
    "name": "Воронежская область",
    "office": null,
    "parent": 1695,
    "region": null,
    "rght": 19,
    "tree_id": 22
  },
  {
    "id": 1851,
    "level": 1,
    "lft": 20,
    "name": "Дагестан",
    "office": null,
    "parent": 1695,
    "region": null,
    "rght": 21,
    "tree_id": 22
  },
  {
    "id": 2032,
    "level": 1,
    "lft": 22,
    "name": "Еврейская АО",
    "office": null,
    "parent": 1695,
    "region": null,
    "rght": 23,
    "tree_id": 22
  },
  {
    "id": 2031,
    "level": 1,
    "lft": 24,
    "name": "Ивановская область",
    "office": null,
    "parent": 1695,
    "region": null,
    "rght": 25,
    "tree_id": 22
  },
  {
    "id": 1977,
    "level": 1,
    "lft": 26,
    "name": "Иркутская область",
    "office": null,
    "parent": 1695,
    "region": null,
    "rght": 27,
    "tree_id": 22
  },
  {
    "id": 1714,
    "level": 1,
    "lft": 28,
    "name": "Калининградская область",
    "office": null,
    "parent": 1695,
    "region": null,
    "rght": 29,
    "tree_id": 22
  },
  {
    "id": 1830,
    "level": 1,
    "lft": 30,
    "name": "Калужская область",
    "office": null,
    "parent": 1695,
    "region": null,
    "rght": 31,
    "tree_id": 22
  },
  {
    "id": 1987,
    "level": 1,
    "lft": 32,
    "name": "Камчатский край",
    "office": null,
    "parent": 1695,
    "region": null,
    "rght": 33,
    "tree_id": 22
  },
  {
    "id": 1898,
    "level": 1,
    "lft": 34,
    "name": "Кемеровская область",
    "office": null,
    "parent": 1695,
    "region": null,
    "rght": 35,
    "tree_id": 22
  },
  {
    "id": 1886,
    "level": 1,
    "lft": 36,
    "name": "Костромская область",
    "office": null,
    "parent": 1695,
    "region": null,
    "rght": 37,
    "tree_id": 22
  },
  {
    "id": 1856,
    "level": 1,
    "lft": 38,
    "name": "Краснодарский край",
    "office": null,
    "parent": 1695,
    "region": null,
    "rght": 39,
    "tree_id": 22
  },
  {
    "id": 1767,
    "level": 1,
    "lft": 40,
    "name": "Красноярский край",
    "office": null,
    "parent": 1695,
    "region": null,
    "rght": 41,
    "tree_id": 22
  },
  {
    "id": 2024,
    "level": 1,
    "lft": 42,
    "name": "Курская область",
    "office": null,
    "parent": 1695,
    "region": null,
    "rght": 43,
    "tree_id": 22
  },
  {
    "id": 1696,
    "level": 1,
    "lft": 44,
    "name": "Ленинградская область",
    "office": null,
    "parent": 1695,
    "region": null,
    "rght": 45,
    "tree_id": 22
  },
  {
    "id": 2042,
    "level": 1,
    "lft": 46,
    "name": "Липецкая область",
    "office": null,
    "parent": 1695,
    "region": null,
    "rght": 47,
    "tree_id": 22
  },
  {
    "id": 1885,
    "level": 1,
    "lft": 48,
    "name": "Магаданская область",
    "office": null,
    "parent": 1695,
    "region": null,
    "rght": 49,
    "tree_id": 22
  },
  {
    "id": 1781,
    "level": 1,
    "lft": 50,
    "name": "Москва",
    "office": null,
    "parent": 1695,
    "region": null,
    "rght": 51,
    "tree_id": 22
  },
  {
    "id": 1775,
    "level": 1,
    "lft": 52,
    "name": "Москва, Якутия",
    "office": null,
    "parent": 1695,
    "region": null,
    "rght": 53,
    "tree_id": 22
  },
  {
    "id": 1741,
    "level": 1,
    "lft": 54,
    "name": "Московская область",
    "office": null,
    "parent": 1695,
    "region": null,
    "rght": 55,
    "tree_id": 22
  },
  {
    "id": 2078,
    "level": 1,
    "lft": 56,
    "name": "Мурманская область",
    "office": null,
    "parent": 1695,
    "region": null,
    "rght": 57,
    "tree_id": 22
  },
  {
    "id": 1744,
    "level": 1,
    "lft": 58,
    "name": "Ненецкий автономный округ",
    "office": null,
    "parent": 1695,
    "region": null,
    "rght": 59,
    "tree_id": 22
  },
  {
    "id": 1810,
    "level": 1,
    "lft": 60,
    "name": "Нижегородская область",
    "office": null,
    "parent": 1695,
    "region": null,
    "rght": 61,
    "tree_id": 22
  },
  {
    "id": 1786,
    "level": 1,
    "lft": 62,
    "name": "Новосибирская область",
    "office": null,
    "parent": 1695,
    "region": null,
    "rght": 63,
    "tree_id": 22
  },
  {
    "id": 1838,
    "level": 1,
    "lft": 64,
    "name": "Омская область",
    "office": null,
    "parent": 1695,
    "region": null,
    "rght": 65,
    "tree_id": 22
  },
  {
    "id": 1820,
    "level": 1,
    "lft": 66,
    "name": "Оренбургская область",
    "office": null,
    "parent": 1695,
    "region": null,
    "rght": 67,
    "tree_id": 22
  },
  {
    "id": 1779,
    "level": 1,
    "lft": 68,
    "name": "Пермский край",
    "office": null,
    "parent": 1695,
    "region": null,
    "rght": 69,
    "tree_id": 22
  },
  {
    "id": 1833,
    "level": 1,
    "lft": 70,
    "name": "Приморский край",
    "office": null,
    "parent": 1695,
    "region": null,
    "rght": 71,
    "tree_id": 22
  },
  {
    "id": 1912,
    "level": 1,
    "lft": 72,
    "name": "Псковская область",
    "office": null,
    "parent": 1695,
    "region": null,
    "rght": 73,
    "tree_id": 22
  },
  {
    "id": 2023,
    "level": 1,
    "lft": 74,
    "name": "Республика Адыгея",
    "office": null,
    "parent": 1695,
    "region": null,
    "rght": 75,
    "tree_id": 22
  },
  {
    "id": 1734,
    "level": 1,
    "lft": 76,
    "name": "Республика Алтай",
    "office": null,
    "parent": 1695,
    "region": null,
    "rght": 77,
    "tree_id": 22
  },
  {
    "id": 1784,
    "level": 1,
    "lft": 78,
    "name": "Республика Башкортостан",
    "office": null,
    "parent": 1695,
    "region": null,
    "rght": 79,
    "tree_id": 22
  },
  {
    "id": 1921,
    "level": 1,
    "lft": 80,
    "name": "Республика Ингушетия",
    "office": null,
    "parent": 1695,
    "region": null,
    "rght": 81,
    "tree_id": 22
  },
  {
    "id": 1946,
    "level": 1,
    "lft": 82,
    "name": "Республика Кабардино-Балкария",
    "office": null,
    "parent": 1695,
    "region": null,
    "rght": 83,
    "tree_id": 22
  },
  {
    "id": 2041,
    "level": 1,
    "lft": 84,
    "name": "Республика Карачаево-Черкессия",
    "office": null,
    "parent": 1695,
    "region": null,
    "rght": 85,
    "tree_id": 22
  },
  {
    "id": 2014,
    "level": 1,
    "lft": 86,
    "name": "Республика Карелия",
    "office": null,
    "parent": 1695,
    "region": null,
    "rght": 87,
    "tree_id": 22
  },
  {
    "id": 1796,
    "level": 1,
    "lft": 88,
    "name": "Республика Коми",
    "office": null,
    "parent": 1695,
    "region": null,
    "rght": 89,
    "tree_id": 22
  },
  {
    "id": 1922,
    "level": 1,
    "lft": 90,
    "name": "Республика Крым",
    "office": null,
    "parent": 1695,
    "region": null,
    "rght": 91,
    "tree_id": 22
  },
  {
    "id": 1888,
    "level": 1,
    "lft": 92,
    "name": "Республика Крым, Севастополь",
    "office": null,
    "parent": 1695,
    "region": null,
    "rght": 93,
    "tree_id": 22
  },
  {
    "id": 2063,
    "level": 1,
    "lft": 94,
    "name": "Республика Мордовия",
    "office": null,
    "parent": 1695,
    "region": null,
    "rght": 95,
    "tree_id": 22
  },
  {
    "id": 1855,
    "level": 1,
    "lft": 96,
    "name": "Республика Татарстан",
    "office": null,
    "parent": 1695,
    "region": null,
    "rght": 97,
    "tree_id": 22
  },
  {
    "id": 1836,
    "level": 1,
    "lft": 98,
    "name": "Республика Тыва",
    "office": null,
    "parent": 1695,
    "region": null,
    "rght": 99,
    "tree_id": 22
  },
  {
    "id": 2045,
    "level": 1,
    "lft": 100,
    "name": "Республика Удмуртия",
    "office": null,
    "parent": 1695,
    "region": null,
    "rght": 101,
    "tree_id": 22
  },
  {
    "id": 1843,
    "level": 1,
    "lft": 102,
    "name": "Республика Хакасия",
    "office": null,
    "parent": 1695,
    "region": null,
    "rght": 103,
    "tree_id": 22
  },
  {
    "id": 2026,
    "level": 1,
    "lft": 104,
    "name": "Республика. Крым, г. Севастополь",
    "office": null,
    "parent": 1695,
    "region": null,
    "rght": 105,
    "tree_id": 22
  },
  {
    "id": 1707,
    "level": 1,
    "lft": 106,
    "name": "Ростовская область",
    "office": null,
    "parent": 1695,
    "region": null,
    "rght": 107,
    "tree_id": 22
  },
  {
    "id": 1992,
    "level": 1,
    "lft": 108,
    "name": "Самарская область",
    "office": null,
    "parent": 1695,
    "region": null,
    "rght": 109,
    "tree_id": 22
  },
  {
    "id": 1896,
    "level": 1,
    "lft": 110,
    "name": "Санкт-Петербург",
    "office": null,
    "parent": 1695,
    "region": null,
    "rght": 111,
    "tree_id": 22
  },
  {
    "id": 1943,
    "level": 1,
    "lft": 112,
    "name": "Саратовская область",
    "office": null,
    "parent": 1695,
    "region": null,
    "rght": 113,
    "tree_id": 22
  },
  {
    "id": 1879,
    "level": 1,
    "lft": 114,
    "name": "Свердловская область",
    "office": null,
    "parent": 1695,
    "region": null,
    "rght": 115,
    "tree_id": 22
  },
  {
    "id": 2069,
    "level": 1,
    "lft": 116,
    "name": "Смоленская область",
    "office": null,
    "parent": 1695,
    "region": null,
    "rght": 117,
    "tree_id": 22
  },
  {
    "id": 1800,
    "level": 1,
    "lft": 118,
    "name": "Ставропольский край",
    "office": null,
    "parent": 1695,
    "region": null,
    "rght": 119,
    "tree_id": 22
  },
  {
    "id": 1763,
    "level": 1,
    "lft": 120,
    "name": "Тамбовская область",
    "office": null,
    "parent": 1695,
    "region": null,
    "rght": 121,
    "tree_id": 22
  },
  {
    "id": 1832,
    "level": 1,
    "lft": 122,
    "name": "Тульская область",
    "office": null,
    "parent": 1695,
    "region": null,
    "rght": 123,
    "tree_id": 22
  },
  {
    "id": 2084,
    "level": 1,
    "lft": 124,
    "name": "Тюменская область",
    "office": null,
    "parent": 1695,
    "region": null,
    "rght": 125,
    "tree_id": 22
  },
  {
    "id": 1787,
    "level": 1,
    "lft": 126,
    "name": "Ульяновская область",
    "office": null,
    "parent": 1695,
    "region": null,
    "rght": 127,
    "tree_id": 22
  },
  {
    "id": 1778,
    "level": 1,
    "lft": 128,
    "name": "Хабаровский край",
    "office": null,
    "parent": 1695,
    "region": null,
    "rght": 129,
    "tree_id": 22
  },
  {
    "id": 1983,
    "level": 1,
    "lft": 130,
    "name": "Ханты-Мансийский автономный округ",
    "office": null,
    "parent": 1695,
    "region": null,
    "rght": 131,
    "tree_id": 22
  },
  {
    "id": 1812,
    "level": 1,
    "lft": 132,
    "name": "Челябинская область",
    "office": null,
    "parent": 1695,
    "region": null,
    "rght": 133,
    "tree_id": 22
  },
  {
    "id": 1866,
    "level": 1,
    "lft": 134,
    "name": "Чеченская Республика",
    "office": null,
    "parent": 1695,
    "region": null,
    "rght": 135,
    "tree_id": 22
  },
  {
    "id": 1850,
    "level": 1,
    "lft": 136,
    "name": "Чечня",
    "office": null,
    "parent": 1695,
    "region": null,
    "rght": 137,
    "tree_id": 22
  },
  {
    "id": 1995,
    "level": 1,
    "lft": 138,
    "name": "Чувашская Республика",
    "office": null,
    "parent": 1695,
    "region": null,
    "rght": 139,
    "tree_id": 22
  },
  {
    "id": 2068,
    "level": 1,
    "lft": 140,
    "name": "Чукотский АО",
    "office": null,
    "parent": 1695,
    "region": null,
    "rght": 141,
    "tree_id": 22
  },
  {
    "id": 1769,
    "level": 1,
    "lft": 142,
    "name": "Якутия",
    "office": null,
    "parent": 1695,
    "region": null,
    "rght": 143,
    "tree_id": 22
  },
  {
    "id": 2019,
    "level": 1,
    "lft": 144,
    "name": "ЯНАО",
    "office": null,
    "parent": 1695,
    "region": null,
    "rght": 145,
    "tree_id": 22
  },
  {
    "id": 1958,
    "level": 1,
    "lft": 146,
    "name": "Ярославская область",
    "office": null,
    "parent": 1695,
    "region": null,
    "rght": 147,
    "tree_id": 22
  },
  {
    "id": 1822,
    "level": 0,
    "lft": 1,
    "name": "региональное лобби (Дальний Восток)",
    "office": null,
    "parent": null,
    "region": null,
    "rght": 2,
    "tree_id": 23
  },
  {
    "id": 1890,
    "level": 0,
    "lft": 1,
    "name": "региональный лобби",
    "office": null,
    "parent": null,
    "region": null,
    "rght": 6,
    "tree_id": 24
  },
  {
    "id": 1897,
    "level": 1,
    "lft": 2,
    "name": "Белгородская область",
    "office": null,
    "parent": 1890,
    "region": null,
    "rght": 3,
    "tree_id": 24
  },
  {
    "id": 1891,
    "level": 1,
    "lft": 4,
    "name": "Свердловская область",
    "office": null,
    "parent": 1890,
    "region": null,
    "rght": 5,
    "tree_id": 24
  },
  {
    "id": 1869,
    "level": 0,
    "lft": 1,
    "name": "силовое лобби",
    "office": null,
    "parent": null,
    "region": null,
    "rght": 4,
    "tree_id": 25
  },
  {
    "id": 1870,
    "level": 1,
    "lft": 2,
    "name": "Росгвардия, ФСБ",
    "office": null,
    "parent": 1869,
    "region": null,
    "rght": 3,
    "tree_id": 25
  },
  {
    "id": 1844,
    "level": 0,
    "lft": 1,
    "name": "сфера влияния А. Кудрина",
    "office": null,
    "parent": null,
    "region": null,
    "rght": 2,
    "tree_id": 26
  },
  {
    "id": 1954,
    "level": 0,
    "lft": 1,
    "name": "сфера влияния Александра Ткачева",
    "office": null,
    "parent": null,
    "region": null,
    "rght": 2,
    "tree_id": 27
  },
  {
    "id": 1930,
    "level": 0,
    "lft": 1,
    "name": "сфера влияния Бориса Громова",
    "office": null,
    "parent": null,
    "region": null,
    "rght": 2,
    "tree_id": 28
  },
  {
    "id": 1969,
    "level": 0,
    "lft": 1,
    "name": "сфера влияния В.Володина",
    "office": null,
    "parent": null,
    "region": null,
    "rght": 2,
    "tree_id": 29
  },
  {
    "id": 1944,
    "level": 0,
    "lft": 1,
    "name": "сфера влияния Вячеслава Володина",
    "office": null,
    "parent": null,
    "region": null,
    "rght": 2,
    "tree_id": 30
  },
  {
    "id": 2025,
    "level": 0,
    "lft": 1,
    "name": "сфера влияния ГК Роснано",
    "office": null,
    "parent": null,
    "region": null,
    "rght": 2,
    "tree_id": 31
  },
  {
    "id": 1986,
    "level": 0,
    "lft": 1,
    "name": "сфера влияния Дмитрия Рогозина",
    "office": null,
    "parent": null,
    "region": null,
    "rght": 2,
    "tree_id": 32
  },
  {
    "id": 2067,
    "level": 0,
    "lft": 1,
    "name": "сфера влияния Евгения Гуревича (группа компаний “Адамант”)",
    "office": null,
    "parent": null,
    "region": null,
    "rght": 2,
    "tree_id": 33
  },
  {
    "id": 1762,
    "level": 0,
    "lft": 1,
    "name": "сфера влияния Игоря Шувалова",
    "office": null,
    "parent": null,
    "region": null,
    "rght": 2,
    "tree_id": 34
  },
  {
    "id": 1956,
    "level": 0,
    "lft": 1,
    "name": "сфера влияния Искандера Махмудова (УГМК, Аэроэкспресс)",
    "office": null,
    "parent": null,
    "region": null,
    "rght": 2,
    "tree_id": 35
  },
  {
    "id": 1948,
    "level": 0,
    "lft": 1,
    "name": "сфера влияния Михаил Бабича",
    "office": null,
    "parent": null,
    "region": null,
    "rght": 2,
    "tree_id": 36
  },
  {
    "id": 1742,
    "level": 0,
    "lft": 1,
    "name": "Сфера влияния Михаила Меня, Минстрой",
    "office": null,
    "parent": null,
    "region": null,
    "rght": 2,
    "tree_id": 37
  },
  {
    "id": 1764,
    "level": 0,
    "lft": 1,
    "name": "сфера влияния Михаила Прохорова",
    "office": null,
    "parent": null,
    "region": null,
    "rght": 2,
    "tree_id": 38
  },
  {
    "id": 1754,
    "level": 0,
    "lft": 1,
    "name": "сфера влияния Олега Дерипаски (En+ Group Ltd)",
    "office": null,
    "parent": null,
    "region": null,
    "rght": 2,
    "tree_id": 39
  },
  {
    "id": 1967,
    "level": 0,
    "lft": 1,
    "name": "сфера влияния Патриарха Кирилла",
    "office": null,
    "parent": null,
    "region": null,
    "rght": 2,
    "tree_id": 40
  },
  {
    "id": 1854,
    "level": 0,
    "lft": 1,
    "name": "сфера влияния Р. Кадырова",
    "office": null,
    "parent": null,
    "region": null,
    "rght": 2,
    "tree_id": 41
  },
  {
    "id": 1990,
    "level": 0,
    "lft": 1,
    "name": "сфера влияния С. Керимова",
    "office": null,
    "parent": null,
    "region": null,
    "rght": 2,
    "tree_id": 42
  },
  {
    "id": 1782,
    "level": 0,
    "lft": 1,
    "name": "сфера влияния С. Собянина",
    "office": null,
    "parent": null,
    "region": null,
    "rght": 2,
    "tree_id": 43
  },
  {
    "id": 1752,
    "level": 0,
    "lft": 1,
    "name": "сфера влияния С.Шойгу",
    "office": null,
    "parent": null,
    "region": null,
    "rght": 2,
    "tree_id": 44
  },
  {
    "id": 2060,
    "level": 0,
    "lft": 1,
    "name": "фгп",
    "office": null,
    "parent": null,
    "region": null,
    "rght": 4,
    "tree_id": 45
  },
  {
    "id": 2061,
    "level": 1,
    "lft": 2,
    "name": "Fort Group",
    "office": null,
    "parent": 2060,
    "region": null,
    "rght": 3,
    "tree_id": 45
  },
  {
    "id": 1689,
    "level": 0,
    "lft": 1,
    "name": "федеральное лобби",
    "office": null,
    "parent": null,
    "region": null,
    "rght": 56,
    "tree_id": 46
  },
  {
    "id": 1690,
    "level": 1,
    "lft": 2,
    "name": "ведомственное лобби",
    "office": null,
    "parent": 1689,
    "region": null,
    "rght": 19,
    "tree_id": 46
  },
  {
    "id": 1876,
    "level": 2,
    "lft": 3,
    "name": "Банк России",
    "office": null,
    "parent": 1690,
    "region": null,
    "rght": 4,
    "tree_id": 46
  },
  {
    "id": 1760,
    "level": 2,
    "lft": 5,
    "name": "Минтранс России",
    "office": null,
    "parent": 1690,
    "region": null,
    "rght": 6,
    "tree_id": 46
  },
  {
    "id": 1761,
    "level": 2,
    "lft": 7,
    "name": "Минюст РФ",
    "office": null,
    "parent": 1690,
    "region": null,
    "rght": 8,
    "tree_id": 46
  },
  {
    "id": 1691,
    "level": 2,
    "lft": 9,
    "name": "Роскомнадзор",
    "office": null,
    "parent": 1690,
    "region": null,
    "rght": 10,
    "tree_id": 46
  },
  {
    "id": 1845,
    "level": 2,
    "lft": 11,
    "name": "Счетная палата",
    "office": null,
    "parent": 1690,
    "region": null,
    "rght": 12,
    "tree_id": 46
  },
  {
    "id": 1945,
    "level": 2,
    "lft": 13,
    "name": "Счетная палата РФ",
    "office": null,
    "parent": 1690,
    "region": null,
    "rght": 14,
    "tree_id": 46
  },
  {
    "id": 1840,
    "level": 2,
    "lft": 15,
    "name": "Федеральная налоговая служба",
    "office": null,
    "parent": 1690,
    "region": null,
    "rght": 16,
    "tree_id": 46
  },
  {
    "id": 1957,
    "level": 2,
    "lft": 17,
    "name": "ФССП России",
    "office": null,
    "parent": 1690,
    "region": null,
    "rght": 18,
    "tree_id": 46
  },
  {
    "id": 1692,
    "level": 1,
    "lft": 20,
    "name": "силовое лобби",
    "office": null,
    "parent": 1689,
    "region": null,
    "rght": 55,
    "tree_id": 46
  },
  {
    "id": 1718,
    "level": 2,
    "lft": 21,
    "name": "МВД",
    "office": null,
    "parent": 1692,
    "region": null,
    "rght": 22,
    "tree_id": 46
  },
  {
    "id": 2048,
    "level": 2,
    "lft": 23,
    "name": "МВД, Росгвардия",
    "office": null,
    "parent": 1692,
    "region": null,
    "rght": 24,
    "tree_id": 46
  },
  {
    "id": 1747,
    "level": 2,
    "lft": 25,
    "name": "Минобороны",
    "office": null,
    "parent": 1692,
    "region": null,
    "rght": 26,
    "tree_id": 46
  },
  {
    "id": 2053,
    "level": 2,
    "lft": 27,
    "name": "Минобороны, Генпрокуратура, СК",
    "office": null,
    "parent": 1692,
    "region": null,
    "rght": 28,
    "tree_id": 46
  },
  {
    "id": 1751,
    "level": 2,
    "lft": 29,
    "name": "Минобороны, МЧС",
    "office": null,
    "parent": 1692,
    "region": null,
    "rght": 30,
    "tree_id": 46
  },
  {
    "id": 1700,
    "level": 2,
    "lft": 31,
    "name": "Минобороны, СК, Прокуратура",
    "office": null,
    "parent": 1692,
    "region": null,
    "rght": 32,
    "tree_id": 46
  },
  {
    "id": 2006,
    "level": 2,
    "lft": 33,
    "name": "Минобороны, ФСБ",
    "office": null,
    "parent": 1692,
    "region": null,
    "rght": 34,
    "tree_id": 46
  },
  {
    "id": 1819,
    "level": 2,
    "lft": 35,
    "name": "Прокуратура",
    "office": null,
    "parent": 1692,
    "region": null,
    "rght": 36,
    "tree_id": 46
  },
  {
    "id": 2064,
    "level": 2,
    "lft": 37,
    "name": "Прокуратура, СК",
    "office": null,
    "parent": 1692,
    "region": null,
    "rght": 38,
    "tree_id": 46
  },
  {
    "id": 1834,
    "level": 2,
    "lft": 39,
    "name": "Росгвардия, Прокуратура, СК",
    "office": null,
    "parent": 1692,
    "region": null,
    "rght": 40,
    "tree_id": 46
  },
  {
    "id": 2036,
    "level": 2,
    "lft": 41,
    "name": "Следственный комитет, прокуратура",
    "office": null,
    "parent": 1692,
    "region": null,
    "rght": 42,
    "tree_id": 46
  },
  {
    "id": 1693,
    "level": 2,
    "lft": 43,
    "name": "ФСБ",
    "office": null,
    "parent": 1692,
    "region": null,
    "rght": 44,
    "tree_id": 46
  },
  {
    "id": 2009,
    "level": 2,
    "lft": 45,
    "name": "ФСБ, МВД",
    "office": null,
    "parent": 1692,
    "region": null,
    "rght": 46,
    "tree_id": 46
  },
  {
    "id": 1736,
    "level": 2,
    "lft": 47,
    "name": "ФСБ, Минобороны",
    "office": null,
    "parent": 1692,
    "region": null,
    "rght": 48,
    "tree_id": 46
  },
  {
    "id": 1804,
    "level": 2,
    "lft": 49,
    "name": "ФСБ, Минобороны, МВД",
    "office": null,
    "parent": 1692,
    "region": null,
    "rght": 50,
    "tree_id": 46
  },
  {
    "id": 1928,
    "level": 2,
    "lft": 51,
    "name": "ФСБ, Росгвардия",
    "office": null,
    "parent": 1692,
    "region": null,
    "rght": 52,
    "tree_id": 46
  },
  {
    "id": 1941,
    "level": 2,
    "lft": 53,
    "name": "ФСБ, Росгвардия, Минобороны",
    "office": null,
    "parent": 1692,
    "region": null,
    "rght": 54,
    "tree_id": 46
  },
  {
    "id": 2081,
    "level": 0,
    "lft": 1,
    "name": "Фонд президентских грантов",
    "office": null,
    "parent": null,
    "region": null,
    "rght": 2,
    "tree_id": 47
  },
  {
    "id": 1704,
    "level": 0,
    "lft": 1,
    "name": "фпг",
    "office": null,
    "parent": null,
    "region": null,
    "rght": 84,
    "tree_id": 48
  },
  {
    "id": 1755,
    "level": 1,
    "lft": 2,
    "name": "SVP Group",
    "office": null,
    "parent": 1704,
    "region": null,
    "rght": 3,
    "tree_id": 48
  },
  {
    "id": 1932,
    "level": 1,
    "lft": 4,
    "name": "Альфа-групп",
    "office": null,
    "parent": 1704,
    "region": null,
    "rght": 5,
    "tree_id": 48
  },
  {
    "id": 2052,
    "level": 1,
    "lft": 6,
    "name": "АО «НПК «Уралвагонзавод»",
    "office": null,
    "parent": 1704,
    "region": null,
    "rght": 7,
    "tree_id": 48
  },
  {
    "id": 1980,
    "level": 1,
    "lft": 8,
    "name": "АО ЧЭМК",
    "office": null,
    "parent": 1704,
    "region": null,
    "rght": 9,
    "tree_id": 48
  },
  {
    "id": 1931,
    "level": 1,
    "lft": 10,
    "name": "Базовый элемент",
    "office": null,
    "parent": 1704,
    "region": null,
    "rght": 11,
    "tree_id": 48
  },
  {
    "id": 1862,
    "level": 1,
    "lft": 12,
    "name": "Газпром",
    "office": null,
    "parent": 1704,
    "region": null,
    "rght": 13,
    "tree_id": 48
  },
  {
    "id": 1766,
    "level": 1,
    "lft": 14,
    "name": "ГК Алвисагрупп",
    "office": null,
    "parent": 1704,
    "region": null,
    "rght": 15,
    "tree_id": 48
  },
  {
    "id": 2072,
    "level": 1,
    "lft": 16,
    "name": "ГК АСПЭК",
    "office": null,
    "parent": 1704,
    "region": null,
    "rght": 17,
    "tree_id": 48
  },
  {
    "id": 1989,
    "level": 1,
    "lft": 18,
    "name": "ГК Регионы",
    "office": null,
    "parent": 1704,
    "region": null,
    "rght": 19,
    "tree_id": 48
  },
  {
    "id": 2043,
    "level": 1,
    "lft": 20,
    "name": "ГК Роснано",
    "office": null,
    "parent": 1704,
    "region": null,
    "rght": 21,
    "tree_id": 48
  },
  {
    "id": 1835,
    "level": 1,
    "lft": 22,
    "name": "ГК Ростех",
    "office": null,
    "parent": 1704,
    "region": null,
    "rght": 23,
    "tree_id": 48
  },
  {
    "id": 2013,
    "level": 1,
    "lft": 24,
    "name": "ГК Славич",
    "office": null,
    "parent": 1704,
    "region": null,
    "rght": 25,
    "tree_id": 48
  },
  {
    "id": 1861,
    "level": 1,
    "lft": 26,
    "name": "ГК СМП-Нефтегаз",
    "office": null,
    "parent": 1704,
    "region": null,
    "rght": 27,
    "tree_id": 48
  },
  {
    "id": 1915,
    "level": 1,
    "lft": 28,
    "name": "ГК Сумма",
    "office": null,
    "parent": 1704,
    "region": null,
    "rght": 29,
    "tree_id": 48
  },
  {
    "id": 1936,
    "level": 1,
    "lft": 30,
    "name": "ГК ТАИФ (братья Шаймиевы)",
    "office": null,
    "parent": 1704,
    "region": null,
    "rght": 31,
    "tree_id": 48
  },
  {
    "id": 2012,
    "level": 1,
    "lft": 32,
    "name": "ГК Эликор",
    "office": null,
    "parent": 1704,
    "region": null,
    "rght": 33,
    "tree_id": 48
  },
  {
    "id": 1868,
    "level": 1,
    "lft": 34,
    "name": "ГК “АЛМАЗ”",
    "office": null,
    "parent": 1704,
    "region": null,
    "rght": 35,
    "tree_id": 48
  },
  {
    "id": 2037,
    "level": 1,
    "lft": 36,
    "name": "ГК “Камаз”",
    "office": null,
    "parent": 1704,
    "region": null,
    "rght": 37,
    "tree_id": 48
  },
  {
    "id": 1863,
    "level": 1,
    "lft": 38,
    "name": "ГК “Нэфис”",
    "office": null,
    "parent": 1704,
    "region": null,
    "rght": 39,
    "tree_id": 48
  },
  {
    "id": 1998,
    "level": 1,
    "lft": 40,
    "name": "ГК “Русская медная компания”, ПАО \"ММК\"",
    "office": null,
    "parent": 1704,
    "region": null,
    "rght": 41,
    "tree_id": 48
  },
  {
    "id": 1892,
    "level": 1,
    "lft": 42,
    "name": "группа компаний “Эвалар”",
    "office": null,
    "parent": 1704,
    "region": null,
    "rght": 43,
    "tree_id": 48
  },
  {
    "id": 1842,
    "level": 1,
    "lft": 44,
    "name": "Норникель",
    "office": null,
    "parent": 1704,
    "region": null,
    "rght": 45,
    "tree_id": 48
  },
  {
    "id": 2007,
    "level": 1,
    "lft": 46,
    "name": "ОАО РЖД",
    "office": null,
    "parent": 1704,
    "region": null,
    "rght": 47,
    "tree_id": 48
  },
  {
    "id": 1839,
    "level": 1,
    "lft": 48,
    "name": "ОАО “Сибагрохолдинг”",
    "office": null,
    "parent": 1704,
    "region": null,
    "rght": 49,
    "tree_id": 48
  },
  {
    "id": 1968,
    "level": 1,
    "lft": 50,
    "name": "ООО “УСМК”",
    "office": null,
    "parent": 1704,
    "region": null,
    "rght": 51,
    "tree_id": 48
  },
  {
    "id": 1929,
    "level": 1,
    "lft": 52,
    "name": "ПАО \"ММК\"",
    "office": null,
    "parent": 1704,
    "region": null,
    "rght": 53,
    "tree_id": 48
  },
  {
    "id": 1988,
    "level": 1,
    "lft": 54,
    "name": "ПАО ЧКПЗ",
    "office": null,
    "parent": 1704,
    "region": null,
    "rght": 55,
    "tree_id": 48
  },
  {
    "id": 1705,
    "level": 1,
    "lft": 56,
    "name": "ПАО “ММК”",
    "office": null,
    "parent": 1704,
    "region": null,
    "rght": 57,
    "tree_id": 48
  },
  {
    "id": 2020,
    "level": 1,
    "lft": 58,
    "name": "ПАО “Новатэк”",
    "office": null,
    "parent": 1704,
    "region": null,
    "rght": 59,
    "tree_id": 48
  },
  {
    "id": 1806,
    "level": 1,
    "lft": 60,
    "name": "ПГ “Аникеев бизнес инвест”",
    "office": null,
    "parent": 1704,
    "region": null,
    "rght": 61,
    "tree_id": 48
  },
  {
    "id": 1841,
    "level": 1,
    "lft": 62,
    "name": "Русал",
    "office": null,
    "parent": 1704,
    "region": null,
    "rght": 63,
    "tree_id": 48
  },
  {
    "id": 1813,
    "level": 1,
    "lft": 64,
    "name": "Русская медная компания",
    "office": null,
    "parent": 1704,
    "region": null,
    "rght": 65,
    "tree_id": 48
  },
  {
    "id": 2046,
    "level": 1,
    "lft": 66,
    "name": "Сургутнефтегаз",
    "office": null,
    "parent": 1704,
    "region": null,
    "rght": 67,
    "tree_id": 48
  },
  {
    "id": 2022,
    "level": 1,
    "lft": 68,
    "name": "Татнефть",
    "office": null,
    "parent": 1704,
    "region": null,
    "rght": 69,
    "tree_id": 48
  },
  {
    "id": 1982,
    "level": 1,
    "lft": 70,
    "name": "ХК Сибирский деловой союз",
    "office": null,
    "parent": 1704,
    "region": null,
    "rght": 71,
    "tree_id": 48
  },
  {
    "id": 1706,
    "level": 1,
    "lft": 72,
    "name": "Холдинг Металлоинвест (Алишер Усманов)",
    "office": null,
    "parent": 1704,
    "region": null,
    "rght": 73,
    "tree_id": 48
  },
  {
    "id": 1933,
    "level": 1,
    "lft": 74,
    "name": "Холдинг Рота",
    "office": null,
    "parent": 1704,
    "region": null,
    "rght": 75,
    "tree_id": 48
  },
  {
    "id": 2005,
    "level": 1,
    "lft": 76,
    "name": "Холдинг Синдика",
    "office": null,
    "parent": 1704,
    "region": null,
    "rght": 77,
    "tree_id": 48
  },
  {
    "id": 2040,
    "level": 1,
    "lft": 78,
    "name": "холдинг “Металлоинвест”",
    "office": null,
    "parent": 1704,
    "region": null,
    "rght": 79,
    "tree_id": 48
  },
  {
    "id": 1916,
    "level": 1,
    "lft": 80,
    "name": "Холдинг “Шик”",
    "office": null,
    "parent": 1704,
    "region": null,
    "rght": 81,
    "tree_id": 48
  },
  {
    "id": 1807,
    "level": 1,
    "lft": 82,
    "name": "“АБИ Групп”",
    "office": null,
    "parent": 1704,
    "region": null,
    "rght": 83,
    "tree_id": 48
  },
  {
    "id": 2070,
    "level": 0,
    "lft": 1,
    "name": "человек Александра Ткачева",
    "office": null,
    "parent": null,
    "region": null,
    "rght": 2,
    "tree_id": 49
  },
  {
    "id": 2008,
    "level": 0,
    "lft": 1,
    "name": "человек В.Володина",
    "office": null,
    "parent": null,
    "region": null,
    "rght": 2,
    "tree_id": 50
  },
  {
    "id": 1853,
    "level": 0,
    "lft": 1,
    "name": "человек С. Керимова",
    "office": null,
    "parent": null,
    "region": null,
    "rght": 2,
    "tree_id": 51
  },
  {
    "id": 2080,
    "level": 0,
    "lft": 1,
    "name": "человек Сергея Неверова",
    "office": null,
    "parent": null,
    "region": null,
    "rght": 2,
    "tree_id": 52
  },
  {
    "id": 2017,
    "level": 0,
    "lft": 1,
    "name": "“СЛАВМО”",
    "office": null,
    "parent": null,
    "region": null,
    "rght": 2,
    "tree_id": 53
  }
]