[
  {
    "id": 7524,
    "level": 0,
    "lft": 1,
    "name": "Иностранное лобби",
    "office": null,
    "parent": null,
    "region": null,
    "rght": 2,
    "tree_id": 1
  },
  {
    "id": 7623,
    "level": 0,
    "lft": 1,
    "name": "Не выявлено",
    "office": null,
    "parent": null,
    "region": null,
    "rght": 2,
    "tree_id": 2
  },
  {
    "id": 7513,
    "level": 0,
    "lft": 1,
    "name": "Общественно-политическое лобби",
    "office": null,
    "parent": null,
    "region": null,
    "rght": 22,
    "tree_id": 3
  },
  {
    "id": 7518,
    "level": 1,
    "lft": 2,
    "name": "гражданские инициативы",
    "office": null,
    "parent": 7513,
    "region": null,
    "rght": 9,
    "tree_id": 3
  },
  {
    "id": 7520,
    "level": 2,
    "lft": 3,
    "name": "автомобилисты",
    "office": null,
    "parent": 7518,
    "region": null,
    "rght": 4,
    "tree_id": 3
  },
  {
    "id": 7521,
    "level": 2,
    "lft": 5,
    "name": "НКО",
    "office": null,
    "parent": 7518,
    "region": null,
    "rght": 6,
    "tree_id": 3
  },
  {
    "id": 7519,
    "level": 2,
    "lft": 7,
    "name": "ОНФ",
    "office": null,
    "parent": 7518,
    "region": null,
    "rght": 8,
    "tree_id": 3
  },
  {
    "id": 7514,
    "level": 1,
    "lft": 10,
    "name": "конфессиональное лобби",
    "office": null,
    "parent": 7513,
    "region": null,
    "rght": 17,
    "tree_id": 3
  },
  {
    "id": 7517,
    "level": 2,
    "lft": 11,
    "name": "Буддизм",
    "office": null,
    "parent": 7514,
    "region": null,
    "rght": 12,
    "tree_id": 3
  },
  {
    "id": 7516,
    "level": 2,
    "lft": 13,
    "name": "Ислам",
    "office": null,
    "parent": 7514,
    "region": null,
    "rght": 14,
    "tree_id": 3
  },
  {
    "id": 7515,
    "level": 2,
    "lft": 15,
    "name": "РПЦ",
    "office": null,
    "parent": 7514,
    "region": null,
    "rght": 16,
    "tree_id": 3
  },
  {
    "id": 7523,
    "level": 1,
    "lft": 18,
    "name": "профсоюзное лобби",
    "office": null,
    "parent": 7513,
    "region": null,
    "rght": 19,
    "tree_id": 3
  },
  {
    "id": 7522,
    "level": 1,
    "lft": 20,
    "name": "экологическое лобби",
    "office": null,
    "parent": 7513,
    "region": null,
    "rght": 21,
    "tree_id": 3
  },
  {
    "id": 7465,
    "level": 0,
    "lft": 1,
    "name": "отраслевое лобби",
    "office": null,
    "parent": null,
    "region": null,
    "rght": 96,
    "tree_id": 4
  },
  {
    "id": 7467,
    "level": 1,
    "lft": 2,
    "name": "атомная промышленность",
    "office": null,
    "parent": 7465,
    "region": null,
    "rght": 3,
    "tree_id": 4
  },
  {
    "id": 7491,
    "level": 1,
    "lft": 4,
    "name": "геология и разведка недр",
    "office": null,
    "parent": 7465,
    "region": null,
    "rght": 5,
    "tree_id": 4
  },
  {
    "id": 7506,
    "level": 1,
    "lft": 6,
    "name": "государственное управление",
    "office": null,
    "parent": 7465,
    "region": null,
    "rght": 19,
    "tree_id": 4
  },
  {
    "id": 7510,
    "level": 2,
    "lft": 7,
    "name": "адвокаты",
    "office": null,
    "parent": 7506,
    "region": null,
    "rght": 8,
    "tree_id": 4
  },
  {
    "id": 7507,
    "level": 2,
    "lft": 9,
    "name": "госзакупки",
    "office": null,
    "parent": 7506,
    "region": null,
    "rght": 10,
    "tree_id": 4
  },
  {
    "id": 7508,
    "level": 2,
    "lft": 11,
    "name": "муниципальное управление",
    "office": null,
    "parent": 7506,
    "region": null,
    "rght": 12,
    "tree_id": 4
  },
  {
    "id": 7511,
    "level": 2,
    "lft": 13,
    "name": "нотариусы",
    "office": null,
    "parent": 7506,
    "region": null,
    "rght": 14,
    "tree_id": 4
  },
  {
    "id": 7512,
    "level": 2,
    "lft": 15,
    "name": "оценщики",
    "office": null,
    "parent": 7506,
    "region": null,
    "rght": 16,
    "tree_id": 4
  },
  {
    "id": 7509,
    "level": 2,
    "lft": 17,
    "name": "суды",
    "office": null,
    "parent": 7506,
    "region": null,
    "rght": 18,
    "tree_id": 4
  },
  {
    "id": 7474,
    "level": 1,
    "lft": 20,
    "name": "деревообрабатывающая и целлюлозно-бумажная промышленность",
    "office": null,
    "parent": 7465,
    "region": null,
    "rght": 21,
    "tree_id": 4
  },
  {
    "id": 7492,
    "level": 1,
    "lft": 22,
    "name": "жилищно-коммунальное хозяйство",
    "office": null,
    "parent": 7465,
    "region": null,
    "rght": 23,
    "tree_id": 4
  },
  {
    "id": 7495,
    "level": 1,
    "lft": 24,
    "name": "здравоохранение, спорт, туризм",
    "office": null,
    "parent": 7465,
    "region": null,
    "rght": 31,
    "tree_id": 4
  },
  {
    "id": 7496,
    "level": 2,
    "lft": 25,
    "name": "здравоохранение",
    "office": null,
    "parent": 7495,
    "region": null,
    "rght": 26,
    "tree_id": 4
  },
  {
    "id": 7497,
    "level": 2,
    "lft": 27,
    "name": "спорт",
    "office": null,
    "parent": 7495,
    "region": null,
    "rght": 28,
    "tree_id": 4
  },
  {
    "id": 7498,
    "level": 2,
    "lft": 29,
    "name": "туризм",
    "office": null,
    "parent": 7495,
    "region": null,
    "rght": 30,
    "tree_id": 4
  },
  {
    "id": 7490,
    "level": 1,
    "lft": 32,
    "name": "инвестиционная деятельность",
    "office": null,
    "parent": 7465,
    "region": null,
    "rght": 33,
    "tree_id": 4
  },
  {
    "id": 7468,
    "level": 1,
    "lft": 34,
    "name": "космическая отрасль",
    "office": null,
    "parent": 7465,
    "region": null,
    "rght": 35,
    "tree_id": 4
  },
  {
    "id": 7500,
    "level": 1,
    "lft": 36,
    "name": "культура, искусство, индустрия развлечений",
    "office": null,
    "parent": 7465,
    "region": null,
    "rght": 39,
    "tree_id": 4
  },
  {
    "id": 7501,
    "level": 2,
    "lft": 37,
    "name": "букмекеры",
    "office": null,
    "parent": 7500,
    "region": null,
    "rght": 38,
    "tree_id": 4
  },
  {
    "id": 7477,
    "level": 1,
    "lft": 40,
    "name": "легкая промышленность",
    "office": null,
    "parent": 7465,
    "region": null,
    "rght": 41,
    "tree_id": 4
  },
  {
    "id": 7483,
    "level": 1,
    "lft": 42,
    "name": "лесное, рыбное хозяйство",
    "office": null,
    "parent": 7465,
    "region": null,
    "rght": 43,
    "tree_id": 4
  },
  {
    "id": 7473,
    "level": 1,
    "lft": 44,
    "name": "машиностроение, автомобилестроение",
    "office": null,
    "parent": 7465,
    "region": null,
    "rght": 45,
    "tree_id": 4
  },
  {
    "id": 7481,
    "level": 1,
    "lft": 46,
    "name": "медицина и фармацевтика",
    "office": null,
    "parent": 7465,
    "region": null,
    "rght": 47,
    "tree_id": 4
  },
  {
    "id": 7499,
    "level": 1,
    "lft": 48,
    "name": "образование, наука и научное обслуживание",
    "office": null,
    "parent": 7465,
    "region": null,
    "rght": 49,
    "tree_id": 4
  },
  {
    "id": 7478,
    "level": 1,
    "lft": 50,
    "name": "пищевая промышленность",
    "office": null,
    "parent": 7465,
    "region": null,
    "rght": 55,
    "tree_id": 4
  },
  {
    "id": 7479,
    "level": 2,
    "lft": 51,
    "name": "алкогольное лобби",
    "office": null,
    "parent": 7478,
    "region": null,
    "rght": 52,
    "tree_id": 4
  },
  {
    "id": 7480,
    "level": 2,
    "lft": 53,
    "name": "табачное лобби",
    "office": null,
    "parent": 7478,
    "region": null,
    "rght": 54,
    "tree_id": 4
  },
  {
    "id": 7475,
    "level": 1,
    "lft": 56,
    "name": "промышленность строительных материалов",
    "office": null,
    "parent": 7465,
    "region": null,
    "rght": 57,
    "tree_id": 4
  },
  {
    "id": 7488,
    "level": 1,
    "lft": 58,
    "name": "ритейл",
    "office": null,
    "parent": 7465,
    "region": null,
    "rght": 59,
    "tree_id": 4
  },
  {
    "id": 7482,
    "level": 1,
    "lft": 60,
    "name": "сельское хозяйство",
    "office": null,
    "parent": 7465,
    "region": null,
    "rght": 61,
    "tree_id": 4
  },
  {
    "id": 7476,
    "level": 1,
    "lft": 62,
    "name": "стекольная и фарфоро-фаянсовая промышленность",
    "office": null,
    "parent": 7465,
    "region": null,
    "rght": 63,
    "tree_id": 4
  },
  {
    "id": 7487,
    "level": 1,
    "lft": 64,
    "name": "строительство, девелопмент",
    "office": null,
    "parent": 7465,
    "region": null,
    "rght": 65,
    "tree_id": 4
  },
  {
    "id": 7493,
    "level": 1,
    "lft": 66,
    "name": "сфера услуг",
    "office": null,
    "parent": 7465,
    "region": null,
    "rght": 69,
    "tree_id": 4
  },
  {
    "id": 7494,
    "level": 2,
    "lft": 67,
    "name": "реклама",
    "office": null,
    "parent": 7493,
    "region": null,
    "rght": 68,
    "tree_id": 4
  },
  {
    "id": 7489,
    "level": 1,
    "lft": 70,
    "name": "телекоммуникации, IT",
    "office": null,
    "parent": 7465,
    "region": null,
    "rght": 71,
    "tree_id": 4
  },
  {
    "id": 7469,
    "level": 1,
    "lft": 72,
    "name": "топливная промышленность",
    "office": null,
    "parent": 7465,
    "region": null,
    "rght": 73,
    "tree_id": 4
  },
  {
    "id": 7484,
    "level": 1,
    "lft": 74,
    "name": "транспорт и связь",
    "office": null,
    "parent": 7465,
    "region": null,
    "rght": 79,
    "tree_id": 4
  },
  {
    "id": 7486,
    "level": 2,
    "lft": 75,
    "name": "СМИ",
    "office": null,
    "parent": 7484,
    "region": null,
    "rght": 76,
    "tree_id": 4
  },
  {
    "id": 7485,
    "level": 2,
    "lft": 77,
    "name": "транспорт",
    "office": null,
    "parent": 7484,
    "region": null,
    "rght": 78,
    "tree_id": 4
  },
  {
    "id": 7502,
    "level": 1,
    "lft": 80,
    "name": "финансы, банки, страхование, пенсионное обслуживание",
    "office": null,
    "parent": 7465,
    "region": null,
    "rght": 87,
    "tree_id": 4
  },
  {
    "id": 7505,
    "level": 2,
    "lft": 81,
    "name": "пенсионное обслуживание",
    "office": null,
    "parent": 7502,
    "region": null,
    "rght": 82,
    "tree_id": 4
  },
  {
    "id": 7504,
    "level": 2,
    "lft": 83,
    "name": "страхование",
    "office": null,
    "parent": 7502,
    "region": null,
    "rght": 84,
    "tree_id": 4
  },
  {
    "id": 7503,
    "level": 2,
    "lft": 85,
    "name": "финансы, банки",
    "office": null,
    "parent": 7502,
    "region": null,
    "rght": 86,
    "tree_id": 4
  },
  {
    "id": 7472,
    "level": 1,
    "lft": 88,
    "name": "химическая и нефтехимическая промышленность",
    "office": null,
    "parent": 7465,
    "region": null,
    "rght": 89,
    "tree_id": 4
  },
  {
    "id": 7470,
    "level": 1,
    "lft": 90,
    "name": "черная, цветная металлургия, металлообработка",
    "office": null,
    "parent": 7465,
    "region": null,
    "rght": 93,
    "tree_id": 4
  },
  {
    "id": 7471,
    "level": 2,
    "lft": 91,
    "name": "оружейное лобби",
    "office": null,
    "parent": 7470,
    "region": null,
    "rght": 92,
    "tree_id": 4
  },
  {
    "id": 7466,
    "level": 1,
    "lft": 94,
    "name": "электроэнергетика",
    "office": null,
    "parent": 7465,
    "region": null,
    "rght": 95,
    "tree_id": 4
  },
  {
    "id": 7379,
    "level": 0,
    "lft": 1,
    "name": "Региональное лобби",
    "office": null,
    "parent": null,
    "region": null,
    "rght": 172,
    "tree_id": 5
  },
  {
    "id": 7380,
    "level": 1,
    "lft": 2,
    "name": "Алтайский край",
    "office": null,
    "parent": 7379,
    "region": null,
    "rght": 3,
    "tree_id": 5
  },
  {
    "id": 7381,
    "level": 1,
    "lft": 4,
    "name": "Амурская область",
    "office": null,
    "parent": 7379,
    "region": null,
    "rght": 5,
    "tree_id": 5
  },
  {
    "id": 7382,
    "level": 1,
    "lft": 6,
    "name": "Архангельская область",
    "office": null,
    "parent": 7379,
    "region": null,
    "rght": 7,
    "tree_id": 5
  },
  {
    "id": 7383,
    "level": 1,
    "lft": 8,
    "name": "Астраханская область",
    "office": null,
    "parent": 7379,
    "region": null,
    "rght": 9,
    "tree_id": 5
  },
  {
    "id": 7384,
    "level": 1,
    "lft": 10,
    "name": "Белгородская область",
    "office": null,
    "parent": 7379,
    "region": null,
    "rght": 11,
    "tree_id": 5
  },
  {
    "id": 7385,
    "level": 1,
    "lft": 12,
    "name": "Брянская область",
    "office": null,
    "parent": 7379,
    "region": null,
    "rght": 13,
    "tree_id": 5
  },
  {
    "id": 7386,
    "level": 1,
    "lft": 14,
    "name": "Владимирская область",
    "office": null,
    "parent": 7379,
    "region": null,
    "rght": 15,
    "tree_id": 5
  },
  {
    "id": 7387,
    "level": 1,
    "lft": 16,
    "name": "Волгоградская область",
    "office": null,
    "parent": 7379,
    "region": null,
    "rght": 17,
    "tree_id": 5
  },
  {
    "id": 7388,
    "level": 1,
    "lft": 18,
    "name": "Вологодская область",
    "office": null,
    "parent": 7379,
    "region": null,
    "rght": 19,
    "tree_id": 5
  },
  {
    "id": 7389,
    "level": 1,
    "lft": 20,
    "name": "Воронежская область",
    "office": null,
    "parent": 7379,
    "region": null,
    "rght": 21,
    "tree_id": 5
  },
  {
    "id": 7391,
    "level": 1,
    "lft": 22,
    "name": "Еврейская автономная область",
    "office": null,
    "parent": 7379,
    "region": null,
    "rght": 23,
    "tree_id": 5
  },
  {
    "id": 7392,
    "level": 1,
    "lft": 24,
    "name": "Забайкальский край",
    "office": null,
    "parent": 7379,
    "region": null,
    "rght": 25,
    "tree_id": 5
  },
  {
    "id": 7393,
    "level": 1,
    "lft": 26,
    "name": "Ивановская область",
    "office": null,
    "parent": 7379,
    "region": null,
    "rght": 27,
    "tree_id": 5
  },
  {
    "id": 7394,
    "level": 1,
    "lft": 28,
    "name": "Иркутская область",
    "office": null,
    "parent": 7379,
    "region": null,
    "rght": 29,
    "tree_id": 5
  },
  {
    "id": 7395,
    "level": 1,
    "lft": 30,
    "name": "Кабардино-Балкарская Республика",
    "office": null,
    "parent": 7379,
    "region": null,
    "rght": 31,
    "tree_id": 5
  },
  {
    "id": 7396,
    "level": 1,
    "lft": 32,
    "name": "Калининградская область",
    "office": null,
    "parent": 7379,
    "region": null,
    "rght": 33,
    "tree_id": 5
  },
  {
    "id": 7397,
    "level": 1,
    "lft": 34,
    "name": "Калужская область",
    "office": null,
    "parent": 7379,
    "region": null,
    "rght": 35,
    "tree_id": 5
  },
  {
    "id": 7398,
    "level": 1,
    "lft": 36,
    "name": "Камчатский край",
    "office": null,
    "parent": 7379,
    "region": null,
    "rght": 37,
    "tree_id": 5
  },
  {
    "id": 7399,
    "level": 1,
    "lft": 38,
    "name": "Карачаево-Черкесская Республика",
    "office": null,
    "parent": 7379,
    "region": null,
    "rght": 39,
    "tree_id": 5
  },
  {
    "id": 7400,
    "level": 1,
    "lft": 40,
    "name": "Кемеровская область",
    "office": null,
    "parent": 7379,
    "region": null,
    "rght": 41,
    "tree_id": 5
  },
  {
    "id": 7401,
    "level": 1,
    "lft": 42,
    "name": "Кировская область",
    "office": null,
    "parent": 7379,
    "region": null,
    "rght": 43,
    "tree_id": 5
  },
  {
    "id": 7402,
    "level": 1,
    "lft": 44,
    "name": "Костромская область",
    "office": null,
    "parent": 7379,
    "region": null,
    "rght": 45,
    "tree_id": 5
  },
  {
    "id": 7403,
    "level": 1,
    "lft": 46,
    "name": "Краснодарский край",
    "office": null,
    "parent": 7379,
    "region": null,
    "rght": 47,
    "tree_id": 5
  },
  {
    "id": 7404,
    "level": 1,
    "lft": 48,
    "name": "Красноярский край",
    "office": null,
    "parent": 7379,
    "region": null,
    "rght": 49,
    "tree_id": 5
  },
  {
    "id": 7405,
    "level": 1,
    "lft": 50,
    "name": "Курганская область",
    "office": null,
    "parent": 7379,
    "region": null,
    "rght": 51,
    "tree_id": 5
  },
  {
    "id": 7406,
    "level": 1,
    "lft": 52,
    "name": "Курская область",
    "office": null,
    "parent": 7379,
    "region": null,
    "rght": 53,
    "tree_id": 5
  },
  {
    "id": 7407,
    "level": 1,
    "lft": 54,
    "name": "Ленинградская область",
    "office": null,
    "parent": 7379,
    "region": null,
    "rght": 55,
    "tree_id": 5
  },
  {
    "id": 7408,
    "level": 1,
    "lft": 56,
    "name": "Липецкая область",
    "office": null,
    "parent": 7379,
    "region": null,
    "rght": 57,
    "tree_id": 5
  },
  {
    "id": 7409,
    "level": 1,
    "lft": 58,
    "name": "Магаданская область",
    "office": null,
    "parent": 7379,
    "region": null,
    "rght": 59,
    "tree_id": 5
  },
  {
    "id": 7390,
    "level": 1,
    "lft": 60,
    "name": "Москва",
    "office": null,
    "parent": 7379,
    "region": null,
    "rght": 61,
    "tree_id": 5
  },
  {
    "id": 7410,
    "level": 1,
    "lft": 62,
    "name": "Московская область",
    "office": null,
    "parent": 7379,
    "region": null,
    "rght": 63,
    "tree_id": 5
  },
  {
    "id": 7411,
    "level": 1,
    "lft": 64,
    "name": "Мурманская область",
    "office": null,
    "parent": 7379,
    "region": null,
    "rght": 65,
    "tree_id": 5
  },
  {
    "id": 7412,
    "level": 1,
    "lft": 66,
    "name": "Ненецкий автономный округ",
    "office": null,
    "parent": 7379,
    "region": null,
    "rght": 67,
    "tree_id": 5
  },
  {
    "id": 7413,
    "level": 1,
    "lft": 68,
    "name": "Нижегородская область",
    "office": null,
    "parent": 7379,
    "region": null,
    "rght": 69,
    "tree_id": 5
  },
  {
    "id": 7414,
    "level": 1,
    "lft": 70,
    "name": "Новгородская область",
    "office": null,
    "parent": 7379,
    "region": null,
    "rght": 71,
    "tree_id": 5
  },
  {
    "id": 7415,
    "level": 1,
    "lft": 72,
    "name": "Новосибирская область",
    "office": null,
    "parent": 7379,
    "region": null,
    "rght": 73,
    "tree_id": 5
  },
  {
    "id": 7416,
    "level": 1,
    "lft": 74,
    "name": "Омская область",
    "office": null,
    "parent": 7379,
    "region": null,
    "rght": 75,
    "tree_id": 5
  },
  {
    "id": 7417,
    "level": 1,
    "lft": 76,
    "name": "Оренбургская область",
    "office": null,
    "parent": 7379,
    "region": null,
    "rght": 77,
    "tree_id": 5
  },
  {
    "id": 7418,
    "level": 1,
    "lft": 78,
    "name": "Орловская область",
    "office": null,
    "parent": 7379,
    "region": null,
    "rght": 79,
    "tree_id": 5
  },
  {
    "id": 7419,
    "level": 1,
    "lft": 80,
    "name": "Пензенская область",
    "office": null,
    "parent": 7379,
    "region": null,
    "rght": 81,
    "tree_id": 5
  },
  {
    "id": 7420,
    "level": 1,
    "lft": 82,
    "name": "Пермский край",
    "office": null,
    "parent": 7379,
    "region": null,
    "rght": 83,
    "tree_id": 5
  },
  {
    "id": 7421,
    "level": 1,
    "lft": 84,
    "name": "Приморский край",
    "office": null,
    "parent": 7379,
    "region": null,
    "rght": 85,
    "tree_id": 5
  },
  {
    "id": 7422,
    "level": 1,
    "lft": 86,
    "name": "Псковская область",
    "office": null,
    "parent": 7379,
    "region": null,
    "rght": 87,
    "tree_id": 5
  },
  {
    "id": 7423,
    "level": 1,
    "lft": 88,
    "name": "Республика Адыгея",
    "office": null,
    "parent": 7379,
    "region": null,
    "rght": 89,
    "tree_id": 5
  },
  {
    "id": 7424,
    "level": 1,
    "lft": 90,
    "name": "Республика Алтай",
    "office": null,
    "parent": 7379,
    "region": null,
    "rght": 91,
    "tree_id": 5
  },
  {
    "id": 7425,
    "level": 1,
    "lft": 92,
    "name": "Республика Башкортостан",
    "office": null,
    "parent": 7379,
    "region": null,
    "rght": 93,
    "tree_id": 5
  },
  {
    "id": 7426,
    "level": 1,
    "lft": 94,
    "name": "Республика Бурятия",
    "office": null,
    "parent": 7379,
    "region": null,
    "rght": 95,
    "tree_id": 5
  },
  {
    "id": 7427,
    "level": 1,
    "lft": 96,
    "name": "Республика Дагестан",
    "office": null,
    "parent": 7379,
    "region": null,
    "rght": 97,
    "tree_id": 5
  },
  {
    "id": 7428,
    "level": 1,
    "lft": 98,
    "name": "Республика Ингушетия",
    "office": null,
    "parent": 7379,
    "region": null,
    "rght": 99,
    "tree_id": 5
  },
  {
    "id": 7429,
    "level": 1,
    "lft": 100,
    "name": "Республика Калмыкия",
    "office": null,
    "parent": 7379,
    "region": null,
    "rght": 101,
    "tree_id": 5
  },
  {
    "id": 7430,
    "level": 1,
    "lft": 102,
    "name": "Республика Карелия",
    "office": null,
    "parent": 7379,
    "region": null,
    "rght": 103,
    "tree_id": 5
  },
  {
    "id": 7431,
    "level": 1,
    "lft": 104,
    "name": "Республика Коми",
    "office": null,
    "parent": 7379,
    "region": null,
    "rght": 105,
    "tree_id": 5
  },
  {
    "id": 7432,
    "level": 1,
    "lft": 106,
    "name": "Республика Крым",
    "office": null,
    "parent": 7379,
    "region": null,
    "rght": 107,
    "tree_id": 5
  },
  {
    "id": 7433,
    "level": 1,
    "lft": 108,
    "name": "Республика Марий Эл",
    "office": null,
    "parent": 7379,
    "region": null,
    "rght": 109,
    "tree_id": 5
  },
  {
    "id": 7434,
    "level": 1,
    "lft": 110,
    "name": "Республика Мордовия",
    "office": null,
    "parent": 7379,
    "region": null,
    "rght": 111,
    "tree_id": 5
  },
  {
    "id": 7435,
    "level": 1,
    "lft": 112,
    "name": "Республика Саха (Якутия)",
    "office": null,
    "parent": 7379,
    "region": null,
    "rght": 113,
    "tree_id": 5
  },
  {
    "id": 7436,
    "level": 1,
    "lft": 114,
    "name": "Республика Северная Осетия - Алания",
    "office": null,
    "parent": 7379,
    "region": null,
    "rght": 115,
    "tree_id": 5
  },
  {
    "id": 7437,
    "level": 1,
    "lft": 116,
    "name": "Республика Татарстан",
    "office": null,
    "parent": 7379,
    "region": null,
    "rght": 117,
    "tree_id": 5
  },
  {
    "id": 7438,
    "level": 1,
    "lft": 118,
    "name": "Республика Тыва",
    "office": null,
    "parent": 7379,
    "region": null,
    "rght": 119,
    "tree_id": 5
  },
  {
    "id": 7439,
    "level": 1,
    "lft": 120,
    "name": "Республика Хакасия",
    "office": null,
    "parent": 7379,
    "region": null,
    "rght": 121,
    "tree_id": 5
  },
  {
    "id": 7440,
    "level": 1,
    "lft": 122,
    "name": "Ростовская область",
    "office": null,
    "parent": 7379,
    "region": null,
    "rght": 123,
    "tree_id": 5
  },
  {
    "id": 7441,
    "level": 1,
    "lft": 124,
    "name": "Рязанская область",
    "office": null,
    "parent": 7379,
    "region": null,
    "rght": 125,
    "tree_id": 5
  },
  {
    "id": 7442,
    "level": 1,
    "lft": 126,
    "name": "Самарская область",
    "office": null,
    "parent": 7379,
    "region": null,
    "rght": 127,
    "tree_id": 5
  },
  {
    "id": 7443,
    "level": 1,
    "lft": 128,
    "name": "Санкт-Петербург",
    "office": null,
    "parent": 7379,
    "region": null,
    "rght": 129,
    "tree_id": 5
  },
  {
    "id": 7444,
    "level": 1,
    "lft": 130,
    "name": "Саратовская область",
    "office": null,
    "parent": 7379,
    "region": null,
    "rght": 131,
    "tree_id": 5
  },
  {
    "id": 7445,
    "level": 1,
    "lft": 132,
    "name": "Сахалинская область",
    "office": null,
    "parent": 7379,
    "region": null,
    "rght": 133,
    "tree_id": 5
  },
  {
    "id": 7446,
    "level": 1,
    "lft": 134,
    "name": "Свердловская область",
    "office": null,
    "parent": 7379,
    "region": null,
    "rght": 135,
    "tree_id": 5
  },
  {
    "id": 7447,
    "level": 1,
    "lft": 136,
    "name": "Севастополь",
    "office": null,
    "parent": 7379,
    "region": null,
    "rght": 137,
    "tree_id": 5
  },
  {
    "id": 7448,
    "level": 1,
    "lft": 138,
    "name": "Смоленская область",
    "office": null,
    "parent": 7379,
    "region": null,
    "rght": 139,
    "tree_id": 5
  },
  {
    "id": 7449,
    "level": 1,
    "lft": 140,
    "name": "Ставропольский край",
    "office": null,
    "parent": 7379,
    "region": null,
    "rght": 141,
    "tree_id": 5
  },
  {
    "id": 7450,
    "level": 1,
    "lft": 142,
    "name": "Тамбовская область",
    "office": null,
    "parent": 7379,
    "region": null,
    "rght": 143,
    "tree_id": 5
  },
  {
    "id": 7451,
    "level": 1,
    "lft": 144,
    "name": "Тверская область",
    "office": null,
    "parent": 7379,
    "region": null,
    "rght": 145,
    "tree_id": 5
  },
  {
    "id": 7452,
    "level": 1,
    "lft": 146,
    "name": "Томская область",
    "office": null,
    "parent": 7379,
    "region": null,
    "rght": 147,
    "tree_id": 5
  },
  {
    "id": 7453,
    "level": 1,
    "lft": 148,
    "name": "Тульская область",
    "office": null,
    "parent": 7379,
    "region": null,
    "rght": 149,
    "tree_id": 5
  },
  {
    "id": 7454,
    "level": 1,
    "lft": 150,
    "name": "Тюменская область",
    "office": null,
    "parent": 7379,
    "region": null,
    "rght": 151,
    "tree_id": 5
  },
  {
    "id": 7455,
    "level": 1,
    "lft": 152,
    "name": "Удмуртская Республика",
    "office": null,
    "parent": 7379,
    "region": null,
    "rght": 153,
    "tree_id": 5
  },
  {
    "id": 7456,
    "level": 1,
    "lft": 154,
    "name": "Ульяновская область",
    "office": null,
    "parent": 7379,
    "region": null,
    "rght": 155,
    "tree_id": 5
  },
  {
    "id": 7457,
    "level": 1,
    "lft": 156,
    "name": "Хабаровский край",
    "office": null,
    "parent": 7379,
    "region": null,
    "rght": 157,
    "tree_id": 5
  },
  {
    "id": 7458,
    "level": 1,
    "lft": 158,
    "name": "Ханты-Мансийский автономный округ - Югра",
    "office": null,
    "parent": 7379,
    "region": null,
    "rght": 159,
    "tree_id": 5
  },
  {
    "id": 7459,
    "level": 1,
    "lft": 160,
    "name": "Челябинская область",
    "office": null,
    "parent": 7379,
    "region": null,
    "rght": 161,
    "tree_id": 5
  },
  {
    "id": 7460,
    "level": 1,
    "lft": 162,
    "name": "Чеченская Республика",
    "office": null,
    "parent": 7379,
    "region": null,
    "rght": 163,
    "tree_id": 5
  },
  {
    "id": 7461,
    "level": 1,
    "lft": 164,
    "name": "Чувашская Республика - Чувашия",
    "office": null,
    "parent": 7379,
    "region": null,
    "rght": 165,
    "tree_id": 5
  },
  {
    "id": 7462,
    "level": 1,
    "lft": 166,
    "name": "Чукотский автономный округ",
    "office": null,
    "parent": 7379,
    "region": null,
    "rght": 167,
    "tree_id": 5
  },
  {
    "id": 7463,
    "level": 1,
    "lft": 168,
    "name": "Ямало-Ненецкий автономный округ",
    "office": null,
    "parent": 7379,
    "region": null,
    "rght": 169,
    "tree_id": 5
  },
  {
    "id": 7464,
    "level": 1,
    "lft": 170,
    "name": "Ярославская область",
    "office": null,
    "parent": 7379,
    "region": null,
    "rght": 171,
    "tree_id": 5
  },
  {
    "id": 7336,
    "level": 0,
    "lft": 1,
    "name": "Федеральное лобби",
    "office": null,
    "parent": null,
    "region": null,
    "rght": 86,
    "tree_id": 6
  },
  {
    "id": 7348,
    "level": 1,
    "lft": 2,
    "name": "ведомственное лобби",
    "office": null,
    "parent": 7336,
    "region": null,
    "rght": 63,
    "tree_id": 6
  },
  {
    "id": 7375,
    "level": 2,
    "lft": 3,
    "name": "Банк России",
    "office": null,
    "parent": 7348,
    "region": null,
    "rght": 4,
    "tree_id": 6
  },
  {
    "id": 7370,
    "level": 2,
    "lft": 5,
    "name": "ГУСП",
    "office": null,
    "parent": 7348,
    "region": null,
    "rght": 6,
    "tree_id": 6
  },
  {
    "id": 7349,
    "level": 2,
    "lft": 7,
    "name": "МИД России",
    "office": null,
    "parent": 7348,
    "region": null,
    "rght": 8,
    "tree_id": 6
  },
  {
    "id": 7356,
    "level": 2,
    "lft": 9,
    "name": "Минвостокрозвития России",
    "office": null,
    "parent": 7348,
    "region": null,
    "rght": 10,
    "tree_id": 6
  },
  {
    "id": 7351,
    "level": 2,
    "lft": 11,
    "name": "Минздрав России",
    "office": null,
    "parent": 7348,
    "region": null,
    "rght": 12,
    "tree_id": 6
  },
  {
    "id": 7358,
    "level": 2,
    "lft": 13,
    "name": "Минкавказ России",
    "office": null,
    "parent": 7348,
    "region": null,
    "rght": 14,
    "tree_id": 6
  },
  {
    "id": 7357,
    "level": 2,
    "lft": 15,
    "name": "Минкомсвязь России",
    "office": null,
    "parent": 7348,
    "region": null,
    "rght": 16,
    "tree_id": 6
  },
  {
    "id": 7352,
    "level": 2,
    "lft": 17,
    "name": "Минкультуры России",
    "office": null,
    "parent": 7348,
    "region": null,
    "rght": 18,
    "tree_id": 6
  },
  {
    "id": 7353,
    "level": 2,
    "lft": 19,
    "name": "Минобрнауки России",
    "office": null,
    "parent": 7348,
    "region": null,
    "rght": 20,
    "tree_id": 6
  },
  {
    "id": 7354,
    "level": 2,
    "lft": 21,
    "name": "Минприроды России",
    "office": null,
    "parent": 7348,
    "region": null,
    "rght": 22,
    "tree_id": 6
  },
  {
    "id": 7355,
    "level": 2,
    "lft": 23,
    "name": "Минпромторг России",
    "office": null,
    "parent": 7348,
    "region": null,
    "rght": 24,
    "tree_id": 6
  },
  {
    "id": 7360,
    "level": 2,
    "lft": 25,
    "name": "Минсельхоз России",
    "office": null,
    "parent": 7348,
    "region": null,
    "rght": 26,
    "tree_id": 6
  },
  {
    "id": 7361,
    "level": 2,
    "lft": 27,
    "name": "Минспорт России",
    "office": null,
    "parent": 7348,
    "region": null,
    "rght": 28,
    "tree_id": 6
  },
  {
    "id": 7362,
    "level": 2,
    "lft": 29,
    "name": "Минстрой России",
    "office": null,
    "parent": 7348,
    "region": null,
    "rght": 30,
    "tree_id": 6
  },
  {
    "id": 7363,
    "level": 2,
    "lft": 31,
    "name": "Минтранс России",
    "office": null,
    "parent": 7348,
    "region": null,
    "rght": 32,
    "tree_id": 6
  },
  {
    "id": 7364,
    "level": 2,
    "lft": 33,
    "name": "Минтруда России",
    "office": null,
    "parent": 7348,
    "region": null,
    "rght": 34,
    "tree_id": 6
  },
  {
    "id": 7365,
    "level": 2,
    "lft": 35,
    "name": "Минфин России",
    "office": null,
    "parent": 7348,
    "region": null,
    "rght": 36,
    "tree_id": 6
  },
  {
    "id": 7366,
    "level": 2,
    "lft": 37,
    "name": "Минэкономразвития России",
    "office": null,
    "parent": 7348,
    "region": null,
    "rght": 38,
    "tree_id": 6
  },
  {
    "id": 7367,
    "level": 2,
    "lft": 39,
    "name": "Минэнерго России",
    "office": null,
    "parent": 7348,
    "region": null,
    "rght": 40,
    "tree_id": 6
  },
  {
    "id": 7350,
    "level": 2,
    "lft": 41,
    "name": "Минюст России",
    "office": null,
    "parent": 7348,
    "region": null,
    "rght": 42,
    "tree_id": 6
  },
  {
    "id": 7369,
    "level": 2,
    "lft": 43,
    "name": "Росархив",
    "office": null,
    "parent": 7348,
    "region": null,
    "rght": 44,
    "tree_id": 6
  },
  {
    "id": 7359,
    "level": 2,
    "lft": 45,
    "name": "Роскомнадзор",
    "office": null,
    "parent": 7348,
    "region": null,
    "rght": 46,
    "tree_id": 6
  },
  {
    "id": 7372,
    "level": 2,
    "lft": 47,
    "name": "Роспотребнадзор",
    "office": null,
    "parent": 7348,
    "region": null,
    "rght": 48,
    "tree_id": 6
  },
  {
    "id": 7374,
    "level": 2,
    "lft": 49,
    "name": "Росрезерв",
    "office": null,
    "parent": 7348,
    "region": null,
    "rght": 50,
    "tree_id": 6
  },
  {
    "id": 7373,
    "level": 2,
    "lft": 51,
    "name": "Ростехнадзор",
    "office": null,
    "parent": 7348,
    "region": null,
    "rght": 52,
    "tree_id": 6
  },
  {
    "id": 7368,
    "level": 2,
    "lft": 53,
    "name": "Росфинмониторинг",
    "office": null,
    "parent": 7348,
    "region": null,
    "rght": 54,
    "tree_id": 6
  },
  {
    "id": 7378,
    "level": 2,
    "lft": 55,
    "name": "Счетная палата",
    "office": null,
    "parent": 7348,
    "region": null,
    "rght": 56,
    "tree_id": 6
  },
  {
    "id": 7371,
    "level": 2,
    "lft": 57,
    "name": "ФАС России",
    "office": null,
    "parent": 7348,
    "region": null,
    "rght": 58,
    "tree_id": 6
  },
  {
    "id": 7376,
    "level": 2,
    "lft": 59,
    "name": "Федеральная налоговая служба",
    "office": null,
    "parent": 7348,
    "region": null,
    "rght": 60,
    "tree_id": 6
  },
  {
    "id": 7377,
    "level": 2,
    "lft": 61,
    "name": "ФССП России",
    "office": null,
    "parent": 7348,
    "region": null,
    "rght": 62,
    "tree_id": 6
  },
  {
    "id": 7337,
    "level": 1,
    "lft": 64,
    "name": "силовое лобби",
    "office": null,
    "parent": 7336,
    "region": null,
    "rght": 85,
    "tree_id": 6
  },
  {
    "id": 7342,
    "level": 2,
    "lft": 65,
    "name": "МВД",
    "office": null,
    "parent": 7337,
    "region": null,
    "rght": 66,
    "tree_id": 6
  },
  {
    "id": 7347,
    "level": 2,
    "lft": 67,
    "name": "Минобороны",
    "office": null,
    "parent": 7337,
    "region": null,
    "rght": 68,
    "tree_id": 6
  },
  {
    "id": 7345,
    "level": 2,
    "lft": 69,
    "name": "МЧС России",
    "office": null,
    "parent": 7337,
    "region": null,
    "rght": 70,
    "tree_id": 6
  },
  {
    "id": 7344,
    "level": 2,
    "lft": 71,
    "name": "Прокуратура",
    "office": null,
    "parent": 7337,
    "region": null,
    "rght": 72,
    "tree_id": 6
  },
  {
    "id": 7340,
    "level": 2,
    "lft": 73,
    "name": "Росгвардия",
    "office": null,
    "parent": 7337,
    "region": null,
    "rght": 74,
    "tree_id": 6
  },
  {
    "id": 7341,
    "level": 2,
    "lft": 75,
    "name": "СВР",
    "office": null,
    "parent": 7337,
    "region": null,
    "rght": 76,
    "tree_id": 6
  },
  {
    "id": 7343,
    "level": 2,
    "lft": 77,
    "name": "СК",
    "office": null,
    "parent": 7337,
    "region": null,
    "rght": 78,
    "tree_id": 6
  },
  {
    "id": 7338,
    "level": 2,
    "lft": 79,
    "name": "ФСБ",
    "office": null,
    "parent": 7337,
    "region": null,
    "rght": 80,
    "tree_id": 6
  },
  {
    "id": 7346,
    "level": 2,
    "lft": 81,
    "name": "ФСИН",
    "office": null,
    "parent": 7337,
    "region": null,
    "rght": 82,
    "tree_id": 6
  },
  {
    "id": 7339,
    "level": 2,
    "lft": 83,
    "name": "ФСО",
    "office": null,
    "parent": 7337,
    "region": null,
    "rght": 84,
    "tree_id": 6
  },
  {
    "id": 7525,
    "level": 0,
    "lft": 1,
    "name": "Финансово-промышленные группы",
    "office": null,
    "parent": null,
    "region": null,
    "rght": 196,
    "tree_id": 7
  },
  {
    "id": 7592,
    "level": 1,
    "lft": 2,
    "name": "En+",
    "office": null,
    "parent": 7525,
    "region": null,
    "rght": 3,
    "tree_id": 7
  },
  {
    "id": 7534,
    "level": 1,
    "lft": 4,
    "name": "Fort Group",
    "office": null,
    "parent": 7525,
    "region": null,
    "rght": 5,
    "tree_id": 7
  },
  {
    "id": 7560,
    "level": 1,
    "lft": 6,
    "name": "SVP Group",
    "office": null,
    "parent": 7525,
    "region": null,
    "rght": 7,
    "tree_id": 7
  },
  {
    "id": 7537,
    "level": 1,
    "lft": 8,
    "name": "АБИ Групп",
    "office": null,
    "parent": 7525,
    "region": null,
    "rght": 9,
    "tree_id": 7
  },
  {
    "id": 7591,
    "level": 1,
    "lft": 10,
    "name": "Агрохолдинг “Кубань”",
    "office": null,
    "parent": 7525,
    "region": null,
    "rght": 11,
    "tree_id": 7
  },
  {
    "id": 7573,
    "level": 1,
    "lft": 12,
    "name": "АК Алроса",
    "office": null,
    "parent": 7525,
    "region": null,
    "rght": 13,
    "tree_id": 7
  },
  {
    "id": 7581,
    "level": 1,
    "lft": 14,
    "name": "Алкогольная сибирская группа",
    "office": null,
    "parent": 7525,
    "region": null,
    "rght": 15,
    "tree_id": 7
  },
  {
    "id": 7530,
    "level": 1,
    "lft": 16,
    "name": "Альфа-групп",
    "office": null,
    "parent": 7525,
    "region": null,
    "rght": 17,
    "tree_id": 7
  },
  {
    "id": 7551,
    "level": 1,
    "lft": 18,
    "name": "АО «НПК «Уралвагонзавод»",
    "office": null,
    "parent": 7525,
    "region": null,
    "rght": 19,
    "tree_id": 7
  },
  {
    "id": 7593,
    "level": 1,
    "lft": 20,
    "name": "АО Молвест",
    "office": null,
    "parent": 7525,
    "region": null,
    "rght": 21,
    "tree_id": 7
  },
  {
    "id": 7552,
    "level": 1,
    "lft": 22,
    "name": "АО ЧЭМК",
    "office": null,
    "parent": 7525,
    "region": null,
    "rght": 23,
    "tree_id": 7
  },
  {
    "id": 7596,
    "level": 1,
    "lft": 24,
    "name": "АО “Агрокомплекс”",
    "office": null,
    "parent": 7525,
    "region": null,
    "rght": 25,
    "tree_id": 7
  },
  {
    "id": 7622,
    "level": 1,
    "lft": 26,
    "name": "АО “ОРКК”",
    "office": null,
    "parent": 7525,
    "region": null,
    "rght": 27,
    "tree_id": 7
  },
  {
    "id": 7531,
    "level": 1,
    "lft": 28,
    "name": "Базовый элемент",
    "office": null,
    "parent": 7525,
    "region": null,
    "rght": 29,
    "tree_id": 7
  },
  {
    "id": 7567,
    "level": 1,
    "lft": 30,
    "name": "Газпром бурение - братья Ротенберги",
    "office": null,
    "parent": 7525,
    "region": null,
    "rght": 31,
    "tree_id": 7
  },
  {
    "id": 7619,
    "level": 1,
    "lft": 32,
    "name": "ГК Адамант",
    "office": null,
    "parent": 7525,
    "region": null,
    "rght": 33,
    "tree_id": 7
  },
  {
    "id": 7538,
    "level": 1,
    "lft": 34,
    "name": "ГК Алвисагрупп",
    "office": null,
    "parent": 7525,
    "region": null,
    "rght": 35,
    "tree_id": 7
  },
  {
    "id": 7545,
    "level": 1,
    "lft": 36,
    "name": "ГК АСПЭК",
    "office": null,
    "parent": 7525,
    "region": null,
    "rght": 37,
    "tree_id": 7
  },
  {
    "id": 7621,
    "level": 1,
    "lft": 38,
    "name": "ГК Донстрой",
    "office": null,
    "parent": 7525,
    "region": null,
    "rght": 39,
    "tree_id": 7
  },
  {
    "id": 7607,
    "level": 1,
    "lft": 40,
    "name": "ГК Здоровая ферма",
    "office": null,
    "parent": 7525,
    "region": null,
    "rght": 41,
    "tree_id": 7
  },
  {
    "id": 7608,
    "level": 1,
    "lft": 42,
    "name": "ГК Компаньон",
    "office": null,
    "parent": 7525,
    "region": null,
    "rght": 43,
    "tree_id": 7
  },
  {
    "id": 7611,
    "level": 1,
    "lft": 44,
    "name": "ГК КСМ",
    "office": null,
    "parent": 7525,
    "region": null,
    "rght": 45,
    "tree_id": 7
  },
  {
    "id": 7597,
    "level": 1,
    "lft": 46,
    "name": "ГК Продимекс",
    "office": null,
    "parent": 7525,
    "region": null,
    "rght": 47,
    "tree_id": 7
  },
  {
    "id": 7543,
    "level": 1,
    "lft": 48,
    "name": "ГК Регионы",
    "office": null,
    "parent": 7525,
    "region": null,
    "rght": 49,
    "tree_id": 7
  },
  {
    "id": 7595,
    "level": 1,
    "lft": 50,
    "name": "ГК Росатом",
    "office": null,
    "parent": 7525,
    "region": null,
    "rght": 51,
    "tree_id": 7
  },
  {
    "id": 7533,
    "level": 1,
    "lft": 52,
    "name": "ГК Роснано",
    "office": null,
    "parent": 7525,
    "region": null,
    "rght": 53,
    "tree_id": 7
  },
  {
    "id": 7544,
    "level": 1,
    "lft": 54,
    "name": "ГК Ростех",
    "office": null,
    "parent": 7525,
    "region": null,
    "rght": 55,
    "tree_id": 7
  },
  {
    "id": 7540,
    "level": 1,
    "lft": 56,
    "name": "ГК Славич",
    "office": null,
    "parent": 7525,
    "region": null,
    "rght": 57,
    "tree_id": 7
  },
  {
    "id": 7562,
    "level": 1,
    "lft": 58,
    "name": "ГК СМП-Нефтегаз",
    "office": null,
    "parent": 7525,
    "region": null,
    "rght": 59,
    "tree_id": 7
  },
  {
    "id": 7529,
    "level": 1,
    "lft": 60,
    "name": "ГК Сумма",
    "office": null,
    "parent": 7525,
    "region": null,
    "rght": 61,
    "tree_id": 7
  },
  {
    "id": 7565,
    "level": 1,
    "lft": 62,
    "name": "ГК ТАИФ",
    "office": null,
    "parent": 7525,
    "region": null,
    "rght": 63,
    "tree_id": 7
  },
  {
    "id": 7603,
    "level": 1,
    "lft": 64,
    "name": "ГК Труд",
    "office": null,
    "parent": 7525,
    "region": null,
    "rght": 65,
    "tree_id": 7
  },
  {
    "id": 7606,
    "level": 1,
    "lft": 66,
    "name": "ГК Увелка",
    "office": null,
    "parent": 7525,
    "region": null,
    "rght": 67,
    "tree_id": 7
  },
  {
    "id": 7528,
    "level": 1,
    "lft": 68,
    "name": "ГК Эвалар",
    "office": null,
    "parent": 7525,
    "region": null,
    "rght": 69,
    "tree_id": 7
  },
  {
    "id": 7539,
    "level": 1,
    "lft": 70,
    "name": "ГК Эликор",
    "office": null,
    "parent": 7525,
    "region": null,
    "rght": 71,
    "tree_id": 7
  },
  {
    "id": 7615,
    "level": 1,
    "lft": 72,
    "name": "ГК Юг Руси",
    "office": null,
    "parent": 7525,
    "region": null,
    "rght": 73,
    "tree_id": 7
  },
  {
    "id": 7542,
    "level": 1,
    "lft": 74,
    "name": "ГК “АЛМАЗ”",
    "office": null,
    "parent": 7525,
    "region": null,
    "rght": 75,
    "tree_id": 7
  },
  {
    "id": 7564,
    "level": 1,
    "lft": 76,
    "name": "ГК “Камаз”",
    "office": null,
    "parent": 7525,
    "region": null,
    "rght": 77,
    "tree_id": 7
  },
  {
    "id": 7561,
    "level": 1,
    "lft": 78,
    "name": "ГК “Нэфис”",
    "office": null,
    "parent": 7525,
    "region": null,
    "rght": 79,
    "tree_id": 7
  },
  {
    "id": 7555,
    "level": 1,
    "lft": 80,
    "name": "ГК “Русская медная компания”",
    "office": null,
    "parent": 7525,
    "region": null,
    "rght": 81,
    "tree_id": 7
  },
  {
    "id": 7572,
    "level": 1,
    "lft": 82,
    "name": "Глобалстрой инжиниринг",
    "office": null,
    "parent": 7525,
    "region": null,
    "rght": 83,
    "tree_id": 7
  },
  {
    "id": 7576,
    "level": 1,
    "lft": 84,
    "name": "ДОССАФ",
    "office": null,
    "parent": 7525,
    "region": null,
    "rght": 85,
    "tree_id": 7
  },
  {
    "id": 7600,
    "level": 1,
    "lft": 86,
    "name": "Евраз Групп",
    "office": null,
    "parent": 7525,
    "region": null,
    "rght": 87,
    "tree_id": 7
  },
  {
    "id": 7609,
    "level": 1,
    "lft": 88,
    "name": "Завод Медсинтез",
    "office": null,
    "parent": 7525,
    "region": null,
    "rght": 89,
    "tree_id": 7
  },
  {
    "id": 7579,
    "level": 1,
    "lft": 90,
    "name": "ЗАО Национальная медиа группа",
    "office": null,
    "parent": 7525,
    "region": null,
    "rght": 91,
    "tree_id": 7
  },
  {
    "id": 7590,
    "level": 1,
    "lft": 92,
    "name": "ЗАО “Завод электротехнического оборудования”",
    "office": null,
    "parent": 7525,
    "region": null,
    "rght": 93,
    "tree_id": 7
  },
  {
    "id": 7585,
    "level": 1,
    "lft": 94,
    "name": "Корпорация Единый Электроэнергетический Комплекс",
    "office": null,
    "parent": 7525,
    "region": null,
    "rght": 95,
    "tree_id": 7
  },
  {
    "id": 7526,
    "level": 1,
    "lft": 96,
    "name": "Лукойл",
    "office": null,
    "parent": 7525,
    "region": null,
    "rght": 97,
    "tree_id": 7
  },
  {
    "id": 7584,
    "level": 1,
    "lft": 98,
    "name": "Московская конфедерация промышленников и предпринимателей",
    "office": null,
    "parent": 7525,
    "region": null,
    "rght": 99,
    "tree_id": 7
  },
  {
    "id": 7604,
    "level": 1,
    "lft": 100,
    "name": "МЭТТЭМ",
    "office": null,
    "parent": 7525,
    "region": null,
    "rght": 101,
    "tree_id": 7
  },
  {
    "id": 7587,
    "level": 1,
    "lft": 102,
    "name": "НОПРИЗ",
    "office": null,
    "parent": 7525,
    "region": null,
    "rght": 103,
    "tree_id": 7
  },
  {
    "id": 7549,
    "level": 1,
    "lft": 104,
    "name": "Норникель",
    "office": null,
    "parent": 7525,
    "region": null,
    "rght": 105,
    "tree_id": 7
  },
  {
    "id": 7575,
    "level": 1,
    "lft": 106,
    "name": "ООО Арт-Реставрация",
    "office": null,
    "parent": 7525,
    "region": null,
    "rght": 107,
    "tree_id": 7
  },
  {
    "id": 7605,
    "level": 1,
    "lft": 108,
    "name": "ООО ИПК “Константа Капитал”",
    "office": null,
    "parent": 7525,
    "region": null,
    "rght": 109,
    "tree_id": 7
  },
  {
    "id": 7583,
    "level": 1,
    "lft": 110,
    "name": "ООО ОХК “Щекиноазот”",
    "office": null,
    "parent": 7525,
    "region": null,
    "rght": 111,
    "tree_id": 7
  },
  {
    "id": 7613,
    "level": 1,
    "lft": 112,
    "name": "ООО Фирма “Калория”",
    "office": null,
    "parent": 7525,
    "region": null,
    "rght": 113,
    "tree_id": 7
  },
  {
    "id": 7556,
    "level": 1,
    "lft": 114,
    "name": "ООО “УСМК”",
    "office": null,
    "parent": 7525,
    "region": null,
    "rght": 115,
    "tree_id": 7
  },
  {
    "id": 7553,
    "level": 1,
    "lft": 116,
    "name": "ПАО \"ММК\"",
    "office": null,
    "parent": 7525,
    "region": null,
    "rght": 117,
    "tree_id": 7
  },
  {
    "id": 7599,
    "level": 1,
    "lft": 118,
    "name": "ПАО «МРСК Северо-Запада»",
    "office": null,
    "parent": 7525,
    "region": null,
    "rght": 119,
    "tree_id": 7
  },
  {
    "id": 7574,
    "level": 1,
    "lft": 120,
    "name": "ПАО Автоваз",
    "office": null,
    "parent": 7525,
    "region": null,
    "rght": 121,
    "tree_id": 7
  },
  {
    "id": 7527,
    "level": 1,
    "lft": 122,
    "name": "ПАО Газпром",
    "office": null,
    "parent": 7525,
    "region": null,
    "rght": 123,
    "tree_id": 7
  },
  {
    "id": 7571,
    "level": 1,
    "lft": 124,
    "name": "ПАО Кировский завод",
    "office": null,
    "parent": 7525,
    "region": null,
    "rght": 125,
    "tree_id": 7
  },
  {
    "id": 7569,
    "level": 1,
    "lft": 126,
    "name": "ПАО Объединенная авиастроительная корпорация",
    "office": null,
    "parent": 7525,
    "region": null,
    "rght": 127,
    "tree_id": 7
  },
  {
    "id": 7546,
    "level": 1,
    "lft": 128,
    "name": "ПАО РЖД",
    "office": null,
    "parent": 7525,
    "region": null,
    "rght": 129,
    "tree_id": 7
  },
  {
    "id": 7598,
    "level": 1,
    "lft": 130,
    "name": "ПАО Ростелеком",
    "office": null,
    "parent": 7525,
    "region": null,
    "rght": 131,
    "tree_id": 7
  },
  {
    "id": 7580,
    "level": 1,
    "lft": 132,
    "name": "ПАО Северсталь",
    "office": null,
    "parent": 7525,
    "region": null,
    "rght": 133,
    "tree_id": 7
  },
  {
    "id": 7557,
    "level": 1,
    "lft": 134,
    "name": "ПАО ЧКПЗ",
    "office": null,
    "parent": 7525,
    "region": null,
    "rght": 135,
    "tree_id": 7
  },
  {
    "id": 7616,
    "level": 1,
    "lft": 136,
    "name": "ПАО “Мурманский Траловый Флот”",
    "office": null,
    "parent": 7525,
    "region": null,
    "rght": 137,
    "tree_id": 7
  },
  {
    "id": 7559,
    "level": 1,
    "lft": 138,
    "name": "ПАО “Новатэк”",
    "office": null,
    "parent": 7525,
    "region": null,
    "rght": 139,
    "tree_id": 7
  },
  {
    "id": 7618,
    "level": 1,
    "lft": 140,
    "name": "ПАО “Тулачермет”",
    "office": null,
    "parent": 7525,
    "region": null,
    "rght": 141,
    "tree_id": 7
  },
  {
    "id": 7536,
    "level": 1,
    "lft": 142,
    "name": "ПГ “Аникеев бизнес инвест”",
    "office": null,
    "parent": 7525,
    "region": null,
    "rght": 143,
    "tree_id": 7
  },
  {
    "id": 7570,
    "level": 1,
    "lft": 144,
    "name": "Росавтодор",
    "office": null,
    "parent": 7525,
    "region": null,
    "rght": 145,
    "tree_id": 7
  },
  {
    "id": 7568,
    "level": 1,
    "lft": 146,
    "name": "Роснефть",
    "office": null,
    "parent": 7525,
    "region": null,
    "rght": 147,
    "tree_id": 7
  },
  {
    "id": 7577,
    "level": 1,
    "lft": 148,
    "name": "Ростсельмаш, Константин Бабкин",
    "office": null,
    "parent": 7525,
    "region": null,
    "rght": 149,
    "tree_id": 7
  },
  {
    "id": 7548,
    "level": 1,
    "lft": 150,
    "name": "Русал",
    "office": null,
    "parent": 7525,
    "region": null,
    "rght": 151,
    "tree_id": 7
  },
  {
    "id": 7578,
    "level": 1,
    "lft": 152,
    "name": "Русская рыбопромышленная компания",
    "office": null,
    "parent": 7525,
    "region": null,
    "rght": 153,
    "tree_id": 7
  },
  {
    "id": 7589,
    "level": 1,
    "lft": 154,
    "name": "Русский холод",
    "office": null,
    "parent": 7525,
    "region": null,
    "rght": 155,
    "tree_id": 7
  },
  {
    "id": 7550,
    "level": 1,
    "lft": 156,
    "name": "Сибагрохолдинг",
    "office": null,
    "parent": 7525,
    "region": null,
    "rght": 157,
    "tree_id": 7
  },
  {
    "id": 7612,
    "level": 1,
    "lft": 158,
    "name": "СЛАВМО",
    "office": null,
    "parent": 7525,
    "region": null,
    "rght": 159,
    "tree_id": 7
  },
  {
    "id": 7558,
    "level": 1,
    "lft": 160,
    "name": "Сургутнефтегаз",
    "office": null,
    "parent": 7525,
    "region": null,
    "rght": 161,
    "tree_id": 7
  },
  {
    "id": 7586,
    "level": 1,
    "lft": 162,
    "name": "Сусуманский ГОК “Сусуманзолото”",
    "office": null,
    "parent": 7525,
    "region": null,
    "rght": 163,
    "tree_id": 7
  },
  {
    "id": 7563,
    "level": 1,
    "lft": 164,
    "name": "Татнефть",
    "office": null,
    "parent": 7525,
    "region": null,
    "rght": 165,
    "tree_id": 7
  },
  {
    "id": 7620,
    "level": 1,
    "lft": 166,
    "name": "УГМК",
    "office": null,
    "parent": 7525,
    "region": null,
    "rght": 167,
    "tree_id": 7
  },
  {
    "id": 7610,
    "level": 1,
    "lft": 168,
    "name": "Урало-Сибирская горно-металлургическая компания",
    "office": null,
    "parent": 7525,
    "region": null,
    "rght": 169,
    "tree_id": 7
  },
  {
    "id": 7594,
    "level": 1,
    "lft": 170,
    "name": "Уралтрубпром",
    "office": null,
    "parent": 7525,
    "region": null,
    "rght": 171,
    "tree_id": 7
  },
  {
    "id": 7617,
    "level": 1,
    "lft": 172,
    "name": "Уралхим",
    "office": null,
    "parent": 7525,
    "region": null,
    "rght": 173,
    "tree_id": 7
  },
  {
    "id": 7582,
    "level": 1,
    "lft": 174,
    "name": "ХК Металлург",
    "office": null,
    "parent": 7525,
    "region": null,
    "rght": 175,
    "tree_id": 7
  },
  {
    "id": 7547,
    "level": 1,
    "lft": 176,
    "name": "ХК Сибирский деловой союз",
    "office": null,
    "parent": 7525,
    "region": null,
    "rght": 177,
    "tree_id": 7
  },
  {
    "id": 7602,
    "level": 1,
    "lft": 178,
    "name": "Холдинг \"Макфа\"",
    "office": null,
    "parent": 7525,
    "region": null,
    "rght": 179,
    "tree_id": 7
  },
  {
    "id": 7541,
    "level": 1,
    "lft": 180,
    "name": "Холдинг \"Металлинвест\"",
    "office": null,
    "parent": 7525,
    "region": null,
    "rght": 181,
    "tree_id": 7
  },
  {
    "id": 7566,
    "level": 1,
    "lft": 182,
    "name": "Холдинг \"Шик\"",
    "office": null,
    "parent": 7525,
    "region": null,
    "rght": 183,
    "tree_id": 7
  },
  {
    "id": 7588,
    "level": 1,
    "lft": 184,
    "name": "Холдинг Адучи",
    "office": null,
    "parent": 7525,
    "region": null,
    "rght": 185,
    "tree_id": 7
  },
  {
    "id": 7554,
    "level": 1,
    "lft": 186,
    "name": "Холдинг Металлоинвест",
    "office": null,
    "parent": 7525,
    "region": null,
    "rght": 187,
    "tree_id": 7
  },
  {
    "id": 7532,
    "level": 1,
    "lft": 188,
    "name": "Холдинг Рота",
    "office": null,
    "parent": 7525,
    "region": null,
    "rght": 189,
    "tree_id": 7
  },
  {
    "id": 7535,
    "level": 1,
    "lft": 190,
    "name": "Холдинг Синдика",
    "office": null,
    "parent": 7525,
    "region": null,
    "rght": 191,
    "tree_id": 7
  },
  {
    "id": 7601,
    "level": 1,
    "lft": 192,
    "name": "Холдинг ЦДС",
    "office": null,
    "parent": 7525,
    "region": null,
    "rght": 193,
    "tree_id": 7
  },
  {
    "id": 7614,
    "level": 1,
    "lft": 194,
    "name": "Холдинг “Красный Восток Агро”",
    "office": null,
    "parent": 7525,
    "region": null,
    "rght": 195,
    "tree_id": 7
  }
]